betapwr,run,side
0.013607102,1,1
0.012316039,1,1
0.011211077,1,1
0.010321238,1,1
0.009645177,1,1
0.009173451,1,1
0.00890595,1,1
0.008856595,1,1
0.009042973,1,1
0.009465347,1,1
0.010084707,1,1
0.010810855,1,1
0.011508176,1,1
0.012019937,1,1
0.012204444,1,1
0.0119714,1,1
0.011306316,1,1
0.01027498,1,1
0.009006982,1,1
0.007664064,1,1
0.006403303,1,1
0.005345467,1,1
0.00455599,1,1
0.004041515,1,1
0.003760521,1,1
0.003643476,1,1
0.003616459,1,1
0.003622136,1,1
0.003633171,1,1
0.003655322,1,1
0.003720396,1,1
0.003872134,1,1
0.004150072,1,1
0.004576548,1,1
0.005150295,1,1
0.005847137,1,1
0.006625719,1,1
0.007435056,1,1
0.008221246,1,1
0.008932291,1,1
0.009521474,1,1
0.009950316,1,1
0.010191718,1,1
0.010233032,1,1
0.01007816,1,1
0.009747656,1,1
0.009276271,1,1
0.008708059,1,1
0.008090078,1,1
0.007466353,1,1
0.00687402,1,1
0.006343033,1,1
0.00589937,1,1
0.005569965,1,1
0.005386325,1,1
0.00538395,1,1
0.005596309,1,1
0.006044623,1,1
0.00672683,1,1
0.007609827,1,1
0.00862812,1,1
0.00968997,1,1
0.010689839,1,1
0.011524415,1,1
0.012108926,1,1
0.012390807,1,1
0.012358549,1,1
0.012044461,1,1
0.011520717,1,1
0.010888732,1,1
0.010262617,1,1
0.009748691,1,1
0.009424547,1,1
0.009322467,1,1
0.009422176,1,1
0.009656148,1,1
0.009927198,1,1
0.010133987,1,1
0.010197307,1,1
0.010080117,1,1
0.009797256,1,1
0.009415124,1,1
0.009044975,1,1
0.008833976,1,1
0.008955703,1,1
0.009597758,1,1
0.010941343,1,1
0.013128148,1,1
0.016214959,1,1
0.020124557,1,1
0.02460971,1,1
0.029250415,1,1
0.033499278,1,1
0.036775299,1,1
0.038586729,1,1
0.038647744,1,1
0.03695011,1,1
0.033763773,1,1
0.029565068,1,1
0.024917319,1,1
0.020344028,1,1
0.016233294,1,1
0.012795823,1,1
0.01007696,1,1
0.008005773,1,1
0.00645749,1,1
0.005309126,1,1
0.004477349,1,1
0.003936695,1,1
0.003721591,1,1
0.003916719,1,1
0.004638475,1,1
0.006008206,1,1
0.008117482,1,1
0.01098812,1,1
0.014534424,1,1
0.018539828,1,1
0.022661395,1,1
0.026470749,1,1
0.029528973,1,1
0.031479499,1,1
0.032133136,1,1
0.031518434,1,1
0.02988003,1,1
0.027623961,1,1
0.025225465,1,1
0.023125121,1,1
0.021640195,1,1
0.020910996,1,1
0.020890822,1,1
0.021376899,1,1
0.022071123,1,1
0.022654358,1,1
0.022856445,1,1
0.022506228,1,1
0.021551765,1,1
0.020049746,1,1
0.018132412,1,1
0.015966322,1,1
0.013717512,1,1
0.01153179,1,1
0.00953035,1,1
0.007814124,1,1
0.006468648,1,1
0.005564662,1,1
0.00515526,1,1
0.005274153,1,1
0.005939357,1,1
0.007162606,1,1
0.008959829,1,1
0.011354866,1,1
0.014369495,1,1
0.017997949,1,1
0.022172002,1,1
0.026730182,1,1
0.031407772,1,1
0.035859782,1,1
0.039717048,1,1
0.042660408,1,1
0.044487172,1,1
0.04514446,1,1
0.044717054,1,1
0.043377284,1,1
0.04132112,1,1
0.03871933,1,1
0.035702981,1,1
0.0323844,1,1
0.028897343,1,1
0.025431738,1,1
0.022241656,1,1
0.019617281,1,1
0.017826777,1,1
0.017046374,1,1
0.0173027,1,1
0.018448732,1,1
0.020184476,1,1
0.022118847,1,1
0.023855474,1,1
0.025077729,1,1
0.025610059,1,1
0.025442223,1,1
0.024715495,1,1
0.023679588,1,1
0.022633461,1,1
0.021862895,1,1
0.02158582,1,1
0.021914606,1,1
0.022842501,1,1
0.024257136,1,1
0.025976942,1,1
0.027798507,1,1
0.029538674,1,1
0.031057924,1,1
0.032261033,1,1
0.033082619,1,1
0.033472551,1,1
0.033394808,1,1
0.032843607,1,1
0.031868027,1,1
0.030588208,1,1
0.029187662,1,1
0.027877035,1,1
0.026839303,1,1
0.026177152,1,1
0.025884395,1,1
0.025853854,1,1
0.025918621,1,1
0.025909478,1,1
0.025705075,1,1
0.025256215,1,1
0.024578615,1,1
0.023723298,1,1
0.022742862,1,1
0.021671052,1,1
0.020523189,1,1
0.019312198,1,1
0.018066372,1,1
0.016835316,1,1
0.015678906,1,1
0.014645179,1,1
0.013750011,1,1
0.012970519,1,1
0.012256195,1,1
0.01155197,1,1
0.010821378,1,1
0.010058947,1,1
0.009287614,1,1
0.008545191,1,1
0.007868834,1,1
0.007285827,1,1
0.006813723,1,1
0.006466695,1,1
0.006261411,1,1
0.006216854,1,1
0.006347098,1,1
0.006651195,1,1
0.007106729,1,1
0.007671841,1,1
0.008295621,1,1
0.008931609,1,1
0.009547027,1,1
0.01012262,1,1
0.010643696,1,1
0.011088859,1,1
0.011425574,1,1
0.011619347,1,1
0.011656668,1,1
0.011574104,1,1
0.011480495,1,1
0.011558794,1,1
0.012039041,1,1
0.013143191,1,1
0.015013317,1,1
0.01764386,1,1
0.020842475,1,1
0.02423971,1,1
0.027354816,1,1
0.029706339,1,1
0.030938607,1,1
0.03092637,1,1
0.029824289,1,1
0.028044763,1,1
0.026169873,1,1
0.024822266,1,1
0.024529002,1,1
0.025610591,1,1
0.028117624,1,1
0.031824587,1,1
0.036278142,1,1
0.040887007,1,1
0.045033155,1,1
0.048180317,1,1
0.049957434,1,1
0.050202141,1,1
0.048961043,1,1
0.046455117,1,1
0.043025488,1,1
0.039074826,1,1
0.035014098,1,1
0.031217644,1,1
0.027985767,1,1
0.025514675,1,1
0.023876873,1,1
0.023017462,1,1
0.022770495,1,1
0.022894767,1,1
0.023122603,1,1
0.023211509,1,1
0.022988462,1,1
0.022379458,1,1
0.021420591,1,1
0.020249645,1,1
0.01907884,1,1
0.018151184,1,1
0.017686055,1,1
0.01782399,1,1
0.018584105,1,1
0.019847554,1,1
0.021375237,1,1
0.022858263,1,1
0.023988743,1,1
0.02453073,1,1
0.024370295,1,1
0.023530892,1,1
0.02215258,1,1
0.020446118,1,1
0.018639748,1,1
0.01693514,1,1
0.015481048,1,1
0.01436385,1,1
0.013608385,1,1
0.013182734,1,1
0.01300509,1,1
0.012955527,1,1
0.012896636,1,1
0.012703583,1,1
0.012298268,1,1
0.011677192,1,1
0.01092166,1,1
0.010183004,1,1
0.009643549,1,1
0.009463256,1,1
0.009728641,1,1
0.010421792,1,1
0.011421815,1,1
0.012539965,1,1
0.013577095,1,1
0.014382854,1,1
0.014894907,1,1
0.015144581,1,1
0.015229773,1,1
0.015270188,1,1
0.015366981,1,1
0.015584967,1,1
0.01596271,1,1
0.016540823,1,1
0.017389571,1,1
0.018618093,1,1
0.020357814,1,1
0.02272581,1,1
0.025782794,1,1
0.029500803,1,1
0.03374893,1,1
0.03829658,1,1
0.04282865,1,1
0.046968174,1,1
0.050307223,1,1
0.05245055,1,1
0.053074104,1,1
0.051991494,1,1
0.049211146,1,1
0.044962508,1,1
0.039676213,1,1
0.033918723,1,1
0.028298922,1,1
0.023373357,1,1
0.019573771,1,1
0.017167946,1,1
0.01625056,1,1
0.016752615,1,1
0.018458972,1,1
0.021030947,1,1
0.024038327,1,1
0.027007167,1,1
0.029484672,1,1
0.031112831,1,1
0.031693834,1,1
0.0312274,1,1
0.029905444,1,1
0.028061577,1,1
0.026087139,1,1
0.024336509,1,1
0.023048008,1,1
0.022301695,1,1
0.022023713,1,1
0.022032627,1,1
0.022111058,1,1
0.022079359,1,1
0.021848744,1,1
0.021438588,1,1
0.020954397,1,1
0.020535775,1,1
0.020293863,1,1
0.02026186,1,1
0.020378317,1,1
0.020511321,1,1
0.020515824,1,1
0.020302204,1,1
0.019887816,1,1
0.019408575,1,1
0.019083039,1,1
0.01914106,1,1
0.019744098,1,1
0.020928152,1,1
0.022591077,1,1
0.02452792,1,1
0.026498771,1,1
0.02830162,1,1
0.029822686,1,1
0.031047923,1,1
0.032036614,1,1
0.03287314,1,1
0.03361998,1,1
0.034291268,1,1
0.034854876,1,1
0.035257723,1,1
0.035459963,1,1
0.035461698,1,1
0.035310446,1,1
0.035085662,1,1
0.034865141,1,1
0.034684934,1,1
0.034508213,1,1
0.034218005,1,1
0.033642895,1,1
0.032613856,1,1
0.031037431,1,1
0.028960624,1,1
0.026601363,1,1
0.024327267,1,1
0.022582341,1,1
0.021780015,1,1
0.022194625,1,1
0.02388663,1,1
0.02668759,1,1
0.030251245,1,1
0.034153075,1,1
0.038001456,1,1
0.041517966,1,1
0.044557176,1,1
0.047063549,1,1
0.048993078,1,1
0.050244785,1,1
0.05064236,1,1
0.049980304,1,1
0.048115006,1,1
0.045056801,1,1
0.041016905,1,1
0.036383899,1,1
0.031636867,1,1
0.027229902,1,1
0.023492471,1,1
0.020579364,1,1
0.018479967,1,1
0.017072174,1,1
0.016192262,1,1
0.015692518,1,1
0.01547019,1,1
0.01546691,1,1
0.015649976,1,1
0.015992032,1,1
0.016463584,1,1
0.017045663,1,1
0.017760352,1,1
0.018707293,1,1
0.02008741,1,1
0.022194049,1,1
0.025359296,1,1
0.029859261,1,1
0.035801807,1,1
0.043034781,1,1
0.051113257,1,1
0.059347306,1,1
0.066922717,1,1
0.073059019,1,1
0.07715558,1,1
0.078884288,1,1
0.078211577,1,1
0.07536036,1,1
0.070739774,1,1
0.06487101,1,1
0.058324682,1,1
0.051669937,1,1
0.045427909,1,1
0.040025451,1,1
0.035754461,1,1
0.032748853,1,1
0.030989062,1,1
0.0303336,1,1
0.030565236,1,1
0.031433988,1,1
0.032684237,1,1
0.034065659,1,1
0.035339346,1,1
0.03629337,1,1
0.036773721,1,1
0.036722238,1,1
0.036202137,1,1
0.035392251,1,1
0.034543897,1,1
0.033912705,1,1
0.033690957,1,1
0.033966449,1,1
0.034721363,1,1
0.035866305,1,1
0.037290257,1,1
0.038903212,1,1
0.040655215,1,1
0.042528646,1,1
0.044513264,1,1
0.046580519,1,1
0.048672369,1,1
0.050711188,1,1
0.052625083,1,1
0.054373264,1,1
0.055954618,1,1
0.057391807,1,1
0.058698608,1,1
0.059850988,1,1
0.060783321,1,1
0.061417721,1,1
0.061713447,1,1
0.061707428,1,1
0.061517071,1,1
0.06129445,1,1
0.061147692,1,1
0.061066327,1,1
0.060890462,1,1
0.060346546,1,1
0.059143127,1,1
0.057092341,1,1
0.054209784,1,1
0.050752191,1,1
0.047175624,1,1
0.044026296,1,1
0.041799837,1,1
0.040814227,1,1
0.0411344,1,1
0.04256695,1,1
0.044719463,1,1
0.047099782,1,1
0.049222052,1,1
0.050690258,1,1
0.05124297,1,1
0.050759031,1,1
0.049236485,1,1
0.046762185,1,1
0.043486604,1,1
0.039610154,1,1
0.035378265,1,1
0.031076727,1,1
0.027018756,1,1
0.023520568,1,1
0.020869861,1,1
0.019297198,1,1
0.01896016,1,1
0.019943514,1,1
0.022268951,1,1
0.025901121,1,1
0.03073835,1,1
0.036587352,1,1
0.043136148,1,1
0.049948756,1,1
0.056501416,1,1
0.062262617,1,1
0.066796492,1,1
0.069854127,1,1
0.071419301,1,1
0.071693793,1,1
0.071032356,1,1
0.069855419,1,1
0.068569931,1,1
0.067516935,1,1
0.066947335,1,1
0.06701496,1,1
0.067773557,1,1
0.069170342,1,1
0.071037659,1,1
0.073091127,1,1
0.074944617,1,1
0.076149532,1,1
0.076259216,1,1
0.074910723,1,1
0.071907949,1,1
0.067285182,1,1
0.06133103,1,1
0.054560379,1,1
0.047634804,1,1
0.041245948,1,1
0.0359873,1,1
0.032244074,1,1
0.03012704,1,1
0.029465335,1,1
0.029858545,1,1
0.030773819,1,1
0.031663434,1,1
0.032074725,1,1
0.031728127,1,1
0.030548897,1,1
0.028650757,1,1
0.026281663,1,1
0.023749887,1,1
0.021350606,1,1
0.019309432,1,1
0.017751663,1,1
0.016697738,1,1
0.016079226,1,1
0.015767082,1,1
0.015604528,1,1
0.015439002,1,1
0.015149681,1,1
0.014668132,1,1
0.013990053,1,1
0.013176516,1,1
0.012344219,1,1
0.011645986,1,1
0.011244611,1,1
0.01128447,1,1
0.011865644,1,1
0.013024525,1,1
0.014723308,1,1
0.016849033,1,1
0.019221484,1,1
0.021608858,1,1
0.023750331,1,1
0.025384906,1,1
0.026285209,1,1
0.026292824,1,1
0.025349092,1,1
0.023513556,1,1
0.020963131,1,1
0.017969166,1,1
0.014855633,1,1
0.011947357,1,1
0.00952007,1,1
0.007763028,1,1
0.006760802,1,1
0.006495522,1,1
0.006866223,1,1
0.007719069,1,1
0.008880934,1,1
0.010188975,1,1
0.011510223,1,1
0.012748318,1,1
0.013838783,1,1
0.014738567,1,1
0.015417492,1,1
0.015857452,1,1
0.016059862,1,1
0.016055764,1,1
0.015909811,1,1
0.015711207,1,1
0.015551217,1,1
0.015494444,1,1
0.015555701,1,1
0.015693095,1,1
0.015821446,1,1
0.015841429,1,1
0.015673282,1,1
0.01528248,1,1
0.014688918,1,1
0.013958542,1,1
0.013183253,1,1
0.01245829,1,1
0.01186502,1,1
0.011462651,1,1
0.011287512,1,1
0.011355786,1,1
0.011665851,1,1
0.012198821,1,1
0.012918495,1,1
0.01377291,1,1
0.014698748,1,1
0.015627813,1,1
0.016493437,1,1
0.017235102,1,1
0.017801613,1,1
0.018155299,1,1
0.018280184,1,1
0.01819486,1,1
0.017966693,1,1
0.017720007,1,1
0.017629533,1,1
0.017893094,1,1
0.01868416,1,1
0.020093578,1,1
0.022077378,1,1
0.024430493,1,1
0.026802239,1,1
0.028758039,1,1
0.029876372,1,1
0.029855754,1,1
0.028599968,1,1
0.026254449,1,1
0.023181568,1,1
0.019881913,1,1
0.016884797,1,1
0.014638341,1,1
0.013426131,1,1
0.01332681,1,1
0.014220088,1,1
0.015831891,1,1
0.01780456,1,1
0.019774782,1,1
0.021441866,1,1
0.022611998,1,1
0.023210702,1,1
0.023265155,1,1
0.022867376,1,1
0.022134483,1,1
0.02118042,1,1
0.02010533,1,1
0.018998667,1,1
0.017945617,1,1
0.017026929,1,1
0.016308554,1,1
0.015825263,1,1
0.015566825,1,1
0.015474365,1,1
0.015449766,1,1
0.015375524,1,1
0.015139223,1,1
0.014656278,1,1
0.013885954,1,1
0.01283772,1,1
0.011567094,1,1
0.010162351,1,1
0.008725598,1,1
0.007353219,1,1
0.006120666,1,1
0.005074779,1,1
0.004234018,1,1
0.003594391,1,1
0.003137813,1,1
0.002840053,1,1
0.002676838,1,1
0.002627784,1,1
0.002678156,1,1
0.002818232,1,1
0.003040033,1,1
0.003331935,1,1
0.003673012,1,1
0.004029936,1,1
0.004358952,1,1
0.004613571,1,1
0.004756013,1,1
0.004768321,1,1
0.004658784,1,1
0.004460914,1,1
0.004225013,1,1
0.004005023,1,1
0.00384481,1,1
0.003767878,1,1
0.003773163,1,1
0.003837609,1,1
0.003924378,1,1
0.003994216,1,1
0.004016876,1,1
0.003979652,1,1
0.003890961,1,1
0.003778208,1,1
0.003680649,1,1
0.003639183,1,1
0.003685772,1,1
0.003835299,1,1
0.004082093,1,1
0.004402125,1,1
0.00476028,1,1
0.005120513,1,1
0.005455756,1,1
0.005754531,1,1
0.006022358,1,1
0.006277886,1,1
0.006545282,1,1
0.006845514,1,1
0.007189256,1,1
0.007573546,1,1
0.007983326,1,1
0.008397665,1,1
0.008799101,1,1
0.009183275,1,1
0.00956521,1,1
0.009978904,1,1
0.010468508,1,1
0.011072146,1,1
0.011802609,1,1
0.012631364,1,1
0.013482475,1,1
0.014240602,1,1
0.014772688,1,1
0.014957962,1,1
0.01471745,1,1
0.01403391,1,1
0.012956332,1,1
0.011588433,1,1
0.010065764,1,1
0.008528971,1,1
0.007100593,1,1
0.005870173,1,1
0.004888988,1,1
0.004172882,1,1
0.003710181,1,1
0.003471498,1,1
0.003418837,1,1
0.003512336,1,1
0.003714058,1,1
0.003989149,1,1
0.004305337,1,1
0.004631903,1,1
0.004939068,1,1
0.005198301,1,1
0.005383671,1,1
0.00547409,1,1
0.005456024,1,1
0.005325969,1,1
0.005091796,1,1
0.00477224,1,1
0.004394408,1,1
0.003990048,1,1
0.003591932,1,1
0.003231546,1,1
0.002938458,1,1
0.002740481,1,1
0.002663054,1,1
0.002726481,1,1
0.002940892,1,1
0.003300462,1,1
0.003779492,1,1
0.004332893,1,1
0.004902207,1,1
0.005426075,1,1
0.005852158,1,1
0.006146632,1,1
0.006298166,1,1
0.006315329,1,1
0.006218891,1,1
0.006032385,1,1
0.005774699,1,1
0.005457323,1,1
0.005086549,1,1
0.004668728,1,1
0.004215387,1,1
0.003745403,1,1
0.003283077,1,1
0.00285311,1,1
0.002475104,1,1
0.00216053,1,1
0.001914066,1,1
0.001739261,1,1
0.00164645,1,1
0.00165952,1,1
0.001818027,1,1
0.002172274,1,1
0.002771098,1,1
0.003644661,1,1
0.004786786,1,1
0.006142649,1,1
0.007607109,1,1
0.009036543,1,1
0.01027301,1,1
0.011175238,1,1
0.011647957,1,1
0.011660887,1,1
0.011251755,1,1
0.010512878,1,1
0.009566259,1,1
0.008535385,1,1
0.007522071,1,1
0.006593779,1,1
0.005782647,1,1
0.027783911,2,1
0.027549181,2,1
0.026444169,2,1
0.02464761,2,1
0.022444513,2,1
0.020149957,2,1
0.018037725,2,1
0.016294208,2,1
0.015004485,2,1
0.014164251,2,1
0.013704613,2,1
0.013518547,2,1
0.013484268,2,1
0.013486347,2,1
0.013436166,2,1
0.013289845,2,1
0.013058148,2,1
0.012802684,2,1
0.012617201,2,1
0.012598963,2,1
0.012819495,2,1
0.013303726,2,1
0.014022575,2,1
0.014898843,2,1
0.015822675,2,1
0.016671825,2,1
0.017332777,2,1
0.017719874,2,1
0.017790204,2,1
0.017552007,2,1
0.017064526,2,1
0.016428101,2,1
0.015764937,2,1
0.015193167,2,1
0.014799118,2,1
0.014614412,2,1
0.014604928,2,1
0.014676883,2,1
0.014700957,2,1
0.014549411,2,1
0.014135558,2,1
0.013442635,2,1
0.012531866,2,1
0.01152692,2,1
0.010581049,2,1
0.009839602,2,1
0.00941122,2,1
0.009355506,2,1
0.009686533,2,1
0.010384648,2,1
0.011407174,2,1
0.012692138,2,1
0.014155424,2,1
0.015686898,2,1
0.017152248,2,1
0.018404495,2,1
0.019304311,2,1
0.019744215,2,1
0.019670214,2,1
0.01909546,2,1
0.018102728,2,1
0.016834788,2,1
0.015473372,2,1
0.014209151,2,1
0.013207221,2,1
0.012575122,2,1
0.01234196,2,1
0.012456345,2,1
0.012806692,2,1
0.013260752,2,1
0.013714237,2,1
0.014133733,2,1
0.014578832,2,1
0.015193132,2,1
0.016162613,2,1
0.017650677,2,1
0.01972873,2,1
0.02232592,2,1
0.025218646,2,1
0.02806914,2,1
0.030505758,2,1
0.032221978,2,1
0.033063361,2,1
0.033075731,2,1
0.032501752,2,1
0.031730035,2,1
0.031213186,2,1
0.031374794,2,1
0.032522228,2,1
0.034777568,2,1
0.038037386,2,1
0.041972356,2,1
0.046074976,2,1
0.049753572,2,1
0.052454584,2,1
0.053780748,2,1
0.05356962,2,1
0.051909245,2,1
0.049090954,2,1
0.04552174,2,1
0.041629497,2,1
0.037789668,2,1
0.0342864,2,1
0.031304731,2,1
0.028940721,2,1
0.027216158,2,1
0.026090593,2,1
0.025470702,2,1
0.025221454,2,1
0.025183808,2,1
0.025200429,2,1
0.025145878,2,1
0.024953193,2,1
0.024626868,2,1
0.024234753,2,1
0.023878336,2,1
0.02364982,2,1
0.023591175,2,1
0.023671173,2,1
0.023789911,2,1
0.023809312,2,1
0.023597489,2,1
0.023069854,2,1
0.022212421,2,1
0.021081198,2,1
0.019781375,2,1
0.018436649,2,1
0.017160086,2,1
0.016034244,2,1
0.015102707,2,1
0.014370853,2,1
0.013812254,2,1
0.013378016,2,1
0.013007933,2,1
0.01264291,2,1
0.012237308,2,1
0.011768692,2,1
0.011242242,2,1
0.010688442,2,1
0.010154944,2,1
0.009695356,2,1
0.009358109,2,1
0.009177565,2,1
0.009168182,2,1
0.009321748,2,1
0.009607688,2,1
0.009976556,2,1
0.0103665,2,1
0.010711713,2,1
0.01095143,2,1
0.01103836,2,1
0.010946287,2,1
0.010676848,2,1
0.010264514,2,1
0.009777001,2,1
0.009307564,2,1
0.008957436,2,1
0.00881109,2,1
0.008911799,2,1
0.009247168,2,1
0.009751723,2,1
0.010327093,2,1
0.010872804,2,1
0.011316109,2,1
0.011629837,2,1
0.01183256,2,1
0.011972701,2,1
0.012104123,2,1
0.012262964,2,1
0.012453695,2,1
0.012647972,2,1
0.012795005,2,1
0.012838652,2,1
0.012735149,2,1
0.012466065,2,1
0.012043149,2,1
0.011504281,2,1
0.010902308,2,1
0.010290535,2,1
0.009709826,2,1
0.009181969,2,1
0.008712103,2,1
0.008299705,2,1
0.007954155,2,1
0.007708546,2,1
0.00762555,2,1
0.007791759,2,1
0.008300766,2,1
0.009228699,2,1
0.010607698,2,1
0.012403136,2,1
0.014500141,2,1
0.016704743,2,1
0.018764008,2,1
0.020406184,2,1
0.021395494,2,1
0.021588506,2,1
0.020974032,2,1
0.019680521,2,1
0.017944942,2,1
0.016051779,2,1
0.014263264,2,1
0.012766001,2,1
0.011652276,2,1
0.01093962,2,1
0.010616153,2,1
0.010688825,2,1
0.011211138,2,1
0.012276192,2,1
0.013976154,2,1
0.01634457,2,1
0.019307014,2,1
0.02266453,2,1
0.026122541,2,1
0.029359705,2,1
0.032113661,2,1
0.034251593,2,1
0.035797591,2,1
0.036904758,2,1
0.037781592,2,1
0.038600188,2,1
0.039420855,2,1
0.040161124,2,1
0.040620018,2,1
0.040547932,2,1
0.039736539,2,1
0.038097197,2,1
0.035701691,2,1
0.032773002,2,1
0.02963073,2,1
0.026610048,2,1
0.023980307,2,1
0.021887924,2,1
0.020339014,2,1
0.019223962,2,1
0.018373145,2,1
0.01762476,2,1
0.016884157,2,1
0.016158987,2,1
0.015562908,2,1
0.015289063,2,1
0.015560605,2,1
0.01656882,2,1
0.018411092,2,1
0.021042157,2,1
0.024252431,2,1
0.027684552,2,1
0.030891832,2,1
0.03343037,2,1
0.034963804,2,1
0.035351718,2,1
0.034694212,2,1
0.033316688,2,1
0.031696557,2,1
0.030350605,2,1
0.029712381,2,1
0.030030823,2,1
0.031315491,2,1
0.03334277,2,1
0.035723437,2,1
0.038016355,2,1
0.039858403,2,1
0.041071437,2,1
0.041709088,2,1
0.042022498,2,1
0.042351997,2,1
0.042981225,2,1
0.044008385,2,1
0.0452863,2,1
0.046457758,2,1
0.047074785,2,1
0.046755973,2,1
0.045320267,2,1
0.042845864,2,1
0.039634685,2,1
0.036101791,2,1
0.032637833,2,1
0.029498935,2,1
0.026761297,2,1
0.024347048,2,1
0.022098721,2,1
0.019864678,2,1
0.017561168,2,1
0.0151934,2,1
0.012838117,2,1
0.010604249,2,1
0.008592013,2,1
0.00686559,2,1
0.005445054,2,1
0.004314646,2,1
0.003439903,2,1
0.002786045,2,1
0.002332773,2,1
0.002084072,2,1
0.002073749,2,1
0.00236764,2,1
0.003062048,2,1
0.004276414,2,1
0.006137799,2,1
0.008756238,2,1
0.012193109,2,1
0.01642825,2,1
0.021334043,2,1
0.026664923,2,1
0.032068355,2,1
0.037118855,2,1
0.041371317,2,1
0.044425164,2,1
0.045987736,2,1
0.045924463,2,1
0.044285075,2,1
0.041299218,2,1
0.037340852,2,1
0.032867611,2,1
0.028347053,2,1
0.024184785,2,1
0.020668692,2,1
0.017939188,2,1
0.015989011,2,1
0.01468943,2,1
0.013834658,2,1
0.013193513,2,1
0.012557314,2,1
0.011775152,2,1
0.010771606,2,1
0.009546533,2,1
0.008160849,2,1
0.006714882,2,1
0.005326395,2,1
0.004113716,2,1
0.003186456,2,1
0.00264322,2,1
0.002573376,2,1
0.003058896,2,1
0.00417236,2,1
0.00596835,2,1
0.008467604,2,1
0.011636397,2,1
0.015367251,2,1
0.019469878,2,1
0.023681468,2,1
0.027701517,2,1
0.03124857,2,1
0.034126791,2,1
0.036283086,2,1
0.037834382,2,1
0.039051262,2,1
0.040297051,2,1
0.041936362,2,1
0.044238599,2,1
0.047305485,2,1
0.051045481,2,1
0.055203681,2,1
0.059437808,2,1
0.063415553,2,1
0.066900874,2,1
0.069800109,2,1
0.072152089,2,1
0.074065926,2,1
0.075629472,2,1
0.076824032,2,1
0.077481486,2,1
0.077307018,2,1
0.075967211,2,1
0.073217439,2,1
0.069024592,2,1
0.063639671,2,1
0.057591624,2,1
0.051602347,2,1
0.046450614,2,1
0.04282757,2,1
0.041222948,2,1
0.041863181,2,1
0.044700864,2,1
0.049440377,2,1
0.055582073,2,1
0.062474784,2,1
0.069375872,2,1
0.075522795,2,1
0.080217309,2,1
0.082915647,2,1
0.083310443,2,1
0.08138723,2,1
0.077441501,2,1
0.072049955,2,1
0.065998507,2,1
0.060177177,2,1
0.055456741,2,1
0.052564095,2,1
0.051973561,2,1
0.053830353,2,1
0.057920035,2,1
0.063693123,2,1
0.070346261,2,1
0.076950772,2,1
0.082607613,2,1
0.086598118,2,1
0.088496482,2,1
0.088215979,2,1
0.085977002,2,1
0.082207722,2,1
0.077409947,2,1
0.072034576,2,1
0.066406394,2,1
0.060717116,2,1
0.055076703,2,1
0.049588867,2,1
0.044408668,2,1
0.039751812,2,1
0.035850805,2,1
0.032879858,2,1
0.030885853,2,1
0.029760195,2,1
0.029268134,2,1
0.02912706,2,1
0.029104562,2,1
0.029098883,2,1
0.029171174,2,1
0.029517186,2,1
0.030388023,2,1
0.031987511,2,1
0.034381554,2,1
0.03745052,2,1
0.040901185,2,1
0.044334769,2,1
0.0473488,2,1
0.04963911,2,1
0.051068513,2,1
0.051680923,2,1
0.051659871,2,1
0.051250859,2,1
0.050679366,2,1
0.050095225,2,1
0.049559804,2,1
0.049071522,2,1
0.048607662,2,1
0.048155035,2,1
0.0477116,2,1
0.047260715,2,1
0.046738423,2,1
0.046021257,2,1
0.044952519,2,1
0.043403399,2,1
0.041343587,2,1
0.038886656,2,1
0.03628452,2,1
0.033868144,2,1
0.03195632,2,1
0.030767849,2,1
0.030368777,2,1
0.030668943,2,1
0.031461028,2,1
0.032481124,2,1
0.033467623,2,1
0.034203236,2,1
0.03453661,2,1
0.0343887,2,1
0.033751244,2,1
0.032681251,2,1
0.031290223,2,1
0.029724201,2,1
0.028132999,2,1
0.026633302,2,1
0.025276956,2,1
0.024038312,2,1
0.022830172,2,1
0.02154777,2,1
0.020128609,2,1
0.018608289,2,1
0.017152099,2,1
0.016048976,2,1
0.015664954,2,1
0.016363763,2,1
0.018410336,2,1
0.021878321,2,1
0.026585412,2,1
0.032079006,2,1
0.037687026,2,1
0.042633277,2,1
0.046195894,2,1
0.047868779,2,1
0.047478341,2,1
0.045217665,2,1
0.041585717,2,1
0.037251081,2,1
0.032884809,2,1
0.029014918,2,1
0.025943434,2,1
0.023741815,2,1
0.022313229,2,1
0.021490951,2,1
0.021136394,2,1
0.02120685,2,1
0.021776801,2,1
0.023011688,2,1
0.02510555,2,1
0.028202721,2,1
0.032328302,2,1
0.037351398,2,1
0.042997166,2,1
0.048907916,2,1
0.054733544,2,1
0.060215506,2,1
0.065226263,2,1
0.06974254,2,1
0.073761335,2,1
0.077198358,2,1
0.079822649,2,1
0.081268667,2,1
0.081132063,2,1
0.079114364,2,1
0.075155761,2,1
0.069497766,2,1
0.062647489,2,1
0.055257794,2,1
0.047972067,2,1
0.041293541,2,1
0.035524014,2,1
0.03078483,2,1
0.02709954,2,1
0.024496509,2,1
0.023086762,2,1
0.023085261,2,1
0.024765347,2,1
0.028358469,2,1
0.033929202,2,1
0.041265699,2,1
0.049826215,2,1
0.058771532,2,1
0.067091236,2,1
0.073802806,2,1
0.078174475,2,1
0.079906732,2,1
0.079211641,2,1
0.076755914,2,1
0.073475873,2,1
0.070315589,2,1
0.067967491,2,1
0.066695944,2,1
0.066297401,2,1
0.066205137,2,1
0.065698856,2,1
0.064146975,2,1
0.061202976,2,1
0.056897999,2,1
0.051610719,2,1
0.045937681,2,1
0.04051729,2,1
0.035868922,2,1
0.032294019,2,1
0.029856561,2,1
0.028429243,2,1
0.027771784,2,1
0.02760598,2,1
0.027665981,2,1
0.027722456,2,1
0.027594067,2,1
0.027161582,2,1
0.026389698,2,1
0.025347083,2,1
0.024206563,2,1
0.023211312,2,1
0.022607932,2,1
0.022565608,2,1
0.023111341,2,1
0.02410833,2,1
0.025288384,2,1
0.026327584,2,1
0.026937506,2,1
0.026939678,2,1
0.026299889,2,1
0.025116458,2,1
0.023574168,2,1
0.021886039,2,1
0.020244872,2,1
0.018797453,2,1
0.017641545,2,1
0.016835707,2,1
0.016408684,2,1
0.016359404,2,1
0.01664736,2,1
0.017181379,2,1
0.01781798,2,1
0.018377197,2,1
0.018675683,2,1
0.018568413,2,1
0.017985533,2,1
0.016951961,2,1
0.015583429,2,1
0.014060906,2,1
0.012592185,2,1
0.011372549,2,1
0.010555082,2,1
0.010236381,2,1
0.010457189,2,1
0.011212132,2,1
0.012460329,2,1
0.014130303,2,1
0.016117794,2,1
0.01828179,2,1
0.020448569,2,1
0.022432794,2,1
0.024077627,2,1
0.025304988,2,1
0.026157881,2,1
0.026814537,2,1
0.027561299,2,1
0.028725323,2,1
0.030583142,2,1
0.03327074,2,1
0.036721565,2,1
0.040651607,2,1
0.044598539,2,1
0.048008533,2,1
0.050352233,2,1
0.051242437,2,1
0.050522735,2,1
0.048301281,2,1
0.044918085,2,1
0.040854631,2,1
0.036614083,2,1
0.032610325,2,1
0.029099342,2,1
0.026168696,2,1
0.023777912,2,1
0.021824878,2,1
0.020207989,2,1
0.018861659,2,1
0.01775848,2,1
0.01688689,2,1
0.016221891,2,1
0.015705961,2,1
0.015249704,2,1
0.014751653,2,1
0.014128619,2,1
0.013344829,2,1
0.012429756,2,1
0.011479189,2,1
0.010639149,2,1
0.010076116,2,1
0.009939434,2,1
0.010323258,2,1
0.011236478,2,1
0.012589195,2,1
0.014202337,2,1
0.015841873,2,1
0.017271659,2,1
0.018311474,2,1
0.018882889,2,1
0.01902769,2,1
0.018891837,2,1
0.018679524,2,1
0.018592267,2,1
0.018772706,2,1
0.019270039,2,1
0.020035217,2,1
0.020943275,2,1
0.021832158,2,1
0.022544915,2,1
0.022964773,2,1
0.023037512,2,1
0.02277945,2,1
0.022270895,2,1
0.021635317,2,1
0.021006131,2,1
0.02048689,2,1
0.0201155,2,1
0.019845158,2,1
0.019551444,2,1
0.019066337,2,1
0.0182295,2,1
0.01693994,2,1
0.015190765,2,1
0.013076346,2,1
0.010771569,2,1
0.008492354,2,1
0.006451376,2,1
0.004821747,2,1
0.003715759,2,1
0.003178955,2,1
0.003194792,2,1
0.003694,2,1
0.004564921,2,1
0.005664755,2,1
0.006834079,2,1
0.007916722,2,1
0.00878411,2,1
0.009359427,2,1
0.009634672,2,1
0.009674383,2,1
0.009603403,2,1
0.009580974,2,1
0.00976789,2,1
0.010295921,2,1
0.011248787,2,1
0.012661197,2,1
0.014536784,2,1
0.016877768,2,1
0.019711107,2,1
0.023092205,2,1
0.027072517,2,1
0.031632824,2,1
0.036604822,2,1
0.041619169,2,1
0.046117496,2,1
0.049444669,2,1
0.051003035,2,1
0.050418761,2,1
0.047658732,2,1
0.04305252,2,1
0.037210821,2,1
0.030871723,2,1
0.024730466,2,1
0.019307309,2,1
0.014885648,2,1
0.011521998,2,1
0.009105639,2,1
0.007436743,2,1
0.006296822,2,1
0.00549753,2,1
0.004905388,2,1
0.004446625,2,1
0.004098085,2,1
0.003869551,2,1
0.003782379,2,1
0.003849694,2,1
0.004063627,2,1
0.004393687,2,1
0.004796942,2,1
0.005236131,2,1
0.00569803,2,1
0.006203348,2,1
0.00680194,2,1
0.007552635,2,1
0.008493647,2,1
0.009614618,2,1
0.010842542,2,1
0.012049828,2,1
0.013084576,2,1
0.013813767,2,1
0.014163813,2,1
0.014143021,2,1
0.013837534,2,1
0.013383149,2,1
0.012924867,2,1
0.012579755,2,1
0.012415169,2,1
0.012446262,2,1
0.012648333,2,1
0.012975137,2,1
0.013374844,2,1
0.013799481,2,1
0.014208282,2,1
0.014568037,2,1
0.014853426,2,1
0.01504844,2,1
0.015148054,2,1
0.015158566,2,1
0.015095844,2,1
0.014982393,2,1
0.014845322,2,1
0.014716868,2,1
0.014637072,2,1
0.014655576,2,1
0.01482827,2,1
0.015206033,2,1
0.015816901,2,1
0.016647643,2,1
0.017632984,2,1
0.01865898,2,1
0.019581785,2,1
0.020256923,2,1
0.020570266,2,1
0.020461747,2,1
0.019935962,2,1
0.019058162,2,1
0.017938002,2,1
0.016705808,2,1
0.015487152,2,1
0.014381395,2,1
0.013448518,2,1
0.012706153,2,1
0.012135649,2,1
0.011693504,2,1
0.011323673,2,1
0.010967486,2,1
0.010570377,2,1
0.01008669,2,1
0.009484353,2,1
0.008749957,2,1
0.007892873,2,1
0.006945915,2,1
0.005960794,2,1
0.00499873,2,1
0.004118965,2,1
0.003368984,2,1
0.00277935,2,1
0.002363805,2,1
0.002122956,2,1
0.00204889,2,1
0.002128726,2,1
0.002346904,2,1
0.002687557,2,1
0.003138557,2,1
0.003697486,2,1
0.004377476,2,1
0.005208999,2,1
0.00623366,2,1
0.007488519,2,1
0.008983818,2,1
0.010681322,2,1
0.012482483,2,1
0.014233687,2,1
0.015750301,2,1
0.016854362,2,1
0.017415448,2,1
0.017383067,2,1
0.016801879,2,1
0.015806713,2,1
0.014599942,2,1
0.013417227,2,1
0.012488427,2,1
0.011999393,2,1
0.012059214,2,1
0.012677216,2,1
0.0137545,2,1
0.015094638,2,1
0.016435566,2,1
0.017499388,2,1
0.018050099,2,1
0.017944476,2,1
0.017161596,2,1
0.015802764,2,1
0.014063955,2,1
0.012192541,2,1
0.010444323,2,1
0.00905339,2,1
0.008217883,2,1
0.008094483,2,1
0.008789331,2,1
0.010336577,2,1
0.012666596,2,1
0.015578293,2,1
0.018736398,2,1
0.021709847,2,1
0.024051783,2,1
0.025401851,2,1
0.025577352,2,1
0.024619447,2,1
0.022775587,2,1
0.020423454,2,1
0.017963914,2,1
0.015720579,2,1
0.013877709,2,1
0.012470189,2,1
0.011418431,2,1
0.010586577,2,1
0.009839313,2,1
0.009079797,2,1
0.00826321,2,1
0.014111809,3,1
0.015540141,3,1
0.016743766,3,1
0.017628746,3,1
0.018091094,3,1
0.018039556,3,1
0.017427506,3,1
0.01628182,3,1
0.014716145,3,1
0.012920919,3,1
0.011130643,3,1
0.009576736,3,1
0.008438889,3,1
0.007808052,3,1
0.007670527,3,1
0.007916702,3,1
0.008371401,3,1
0.008837261,3,1
0.009139362,3,1
0.009159558,3,1
0.008852685,3,1
0.008242966,3,1
0.007405107,3,1
0.006438454,3,1
0.005442772,3,1
0.004501299,3,1
0.003672615,3,1
0.002989712,3,1
0.002463471,3,1
0.002088321,3,1
0.001848936,3,1
0.001727339,3,1
0.001709586,3,1
0.001790691,3,1
0.001976342,3,1
0.002280501,3,1
0.002719106,3,1
0.003301262,3,1
0.0040204,3,1
0.004848543,3,1
0.005736725,3,1
0.00662316,3,1
0.007447812,3,1
0.008168303,3,1
0.008769805,3,1
0.009262616,3,1
0.009666431,3,1
0.009987728,3,1
0.010202118,3,1
0.010253202,3,1
0.010072424,3,1
0.009613779,3,1
0.00888859,3,1
0.007983648,3,1
0.007052204,3,1
0.006278409,3,1
0.005826801,3,1
0.005794309,3,1
0.006181147,3,1
0.006889934,3,1
0.007752591,3,1
0.008575801,3,1
0.00919082,3,1
0.009493494,3,1
0.0094648,3,1
0.009169178,3,1
0.008734434,3,1
0.00832099,3,1
0.008088622,3,1
0.008166597,3,1
0.008630145,3,1
0.009484562,3,1
0.010658469,3,1
0.012008828,3,1
0.013340271,3,1
0.014438613,3,1
0.015113543,3,1
0.01524063,3,1
0.014790968,3,1
0.013839592,3,1
0.012550725,3,1
0.011145964,3,1
0.009867249,3,1
0.008947266,3,1
0.008595165,3,1
0.008996713,3,1
0.010318455,3,1
0.012699885,3,1
0.016220145,3,1
0.020838207,3,1
0.026324391,3,1
0.032217351,3,1
0.037843397,3,1
0.0424177,3,1
0.045213413,3,1
0.045749832,3,1
0.043932925,3,1
0.040092813,3,1
0.034900156,3,1
0.029189935,3,1
0.023754879,3,1
0.019176876,3,1
0.015742828,3,1
0.013454657,3,1
0.012109359,3,1
0.011407641,3,1
0.01105178,3,1
0.010808941,3,1
0.010535271,3,1
0.010170072,3,1
0.009714692,3,1
0.009208566,3,1
0.008708999,3,1
0.008275897,3,1
0.007960113,3,1
0.007794558,3,1
0.007788967,3,1
0.00793011,3,1
0.00818797,3,1
0.008525576,3,1
0.008907747,3,1
0.00930412,3,1
0.009685168,3,1
0.010014787,3,1
0.010246408,3,1
0.010328979,3,1
0.010224269,3,1
0.009930292,3,1
0.009500874,3,1
0.009051253,3,1
0.008744196,3,1
0.008758155,3,1
0.009245286,3,1
0.010290423,3,1
0.011881979,3,1
0.013902971,3,1
0.016146134,3,1
0.018351802,3,1
0.020261419,3,1
0.021673985,3,1
0.022489657,3,1
0.022726304,3,1
0.022502144,3,1
0.021989014,3,1
0.021352087,3,1
0.02069777,3,1
0.020048734,3,1
0.019354146,3,1
0.018528688,3,1
0.017502359,3,1
0.016259677,3,1
0.014853066,3,1
0.013387634,3,1
0.011987116,3,1
0.010757573,3,1
0.009764028,3,1
0.009027235,3,1
0.008538111,3,1
0.008280481,3,1
0.008251166,3,1
0.008469091,3,1
0.008969752,3,1
0.009786059,3,1
0.010920833,3,1
0.012319992,3,1
0.013857924,3,1
0.015345581,3,1
0.016565475,3,1
0.017326947,3,1
0.017524114,3,1
0.017174068,3,1
0.016418308,3,1
0.015484633,3,1
0.014623205,3,1
0.014040545,3,1
0.013853962,3,1
0.01407746,3,1
0.014635697,3,1
0.015392859,3,1
0.016182686,3,1
0.016832543,3,1
0.017182579,3,1
0.017104832,3,1
0.016524645,3,1
0.015440592,3,1
0.013934201,3,1
0.012161147,3,1
0.010321636,3,1
0.008616309,3,1
0.007200718,3,1
0.006152864,3,1
0.005463936,3,1
0.005054344,3,1
0.004808746,3,1
0.004618141,3,1
0.004415811,3,1
0.004196779,3,1
0.00401616,3,1
0.003968184,3,1
0.004152987,3,1
0.004641129,3,1
0.005445883,3,1
0.006510788,3,1
0.007715677,3,1
0.008899468,3,1
0.009893663,3,1
0.010557951,3,1
0.010809179,3,1
0.010637184,3,1
0.010104671,3,1
0.009332266,3,1
0.00847282,3,1
0.007680706,3,1
0.00708225,3,1
0.006753071,3,1
0.006706886,3,1
0.006898233,3,1
0.007238376,3,1
0.00762003,3,1
0.007943859,3,1
0.008139166,3,1
0.00817351,3,1
0.008050184,3,1
0.00779684,3,1
0.007451169,3,1
0.007049466,3,1
0.006621466,3,1
0.006191415,3,1
0.005782521,3,1
0.005420738,3,1
0.005134775,3,1
0.004951518,3,1
0.004888789,3,1
0.004949101,3,1
0.005118111,3,1
0.005369606,3,1
0.005676124,3,1
0.006021781,3,1
0.006412685,3,1
0.00688075,3,1
0.007478411,3,1
0.008264274,3,1
0.009282595,3,1
0.010542438,3,1
0.012004424,3,1
0.013583014,3,1
0.015168747,3,1
0.01666774,3,1
0.018046899,3,1
0.019366449,3,1
0.020780917,3,1
0.022498145,3,1
0.024701898,3,1
0.027461678,3,1
0.030664888,3,1
0.034004211,3,1
0.037035013,3,1
0.039289602,3,1
0.040409812,3,1
0.040249366,3,1
0.038909085,3,1
0.036696091,3,1
0.034028819,3,1
0.031327717,3,1
0.028929427,3,1
0.027044234,3,1
0.025754668,3,1
0.025039411,3,1
0.024805466,3,1
0.024918782,3,1
0.02523086,3,1
0.025601102,3,1
0.025912339,3,1
0.026075196,3,1
0.026019759,3,1
0.025679834,3,1
0.024981147,3,1
0.02384477,3,1
0.022209592,3,1
0.020066628,3,1
0.017489709,3,1
0.014646662,3,1
0.011782562,3,1
0.009177907,3,1
0.007093981,3,1
0.005721417,3,1
0.005145687,3,1
0.005337242,3,1
0.006167103,3,1
0.007442709,3,1
0.008954338,3,1
0.010519861,3,1
0.01201575,3,1
0.013386031,3,1
0.014628026,3,1
0.015761982,3,1
0.016797571,3,1
0.017710742,3,1
0.018439243,3,1
0.018896911,3,1
0.018999907,3,1
0.018695392,3,1
0.017985092,3,1
0.01694005,3,1
0.015705663,3,1
0.014496336,3,1
0.013578022,3,1
0.013237226,3,1
0.013738299,3,1
0.015276102,3,1
0.017935067,3,1
0.021665267,3,1
0.026280741,3,1
0.031477888,3,1
0.036866583,3,1
0.042006668,3,1
0.046446744,3,1
0.049766626,3,1
0.051625081,3,1
0.051809417,3,1
0.050276389,3,1
0.04717017,3,1
0.042806865,3,1
0.037625292,3,1
0.032115569,3,1
0.026744081,3,1
0.021892372,3,1
0.017819985,3,1
0.01465207,3,1
0.012386728,3,1
0.010916122,3,1
0.010057644,3,1
0.009593252,3,1
0.009314101,3,1
0.009064238,3,1
0.008773926,3,1
0.008472977,3,1
0.008278512,3,1
0.008358755,3,1
0.008882101,3,1
0.009965959,3,1
0.011640727,3,1
0.013839939,3,1
0.016419269,3,1
0.019196854,3,1
0.021999122,3,1
0.024693722,3,1
0.027196404,3,1
0.029450736,3,1
0.031393404,3,1
0.032926618,3,1
0.033917468,3,1
0.034231473,3,1
0.033789634,3,1
0.032624177,3,1
0.030905641,3,1
0.02892484,3,1
0.027032416,3,1
0.02555633,3,1
0.024725458,3,1
0.024622481,3,1
0.025175783,3,1
0.026185804,3,1
0.027373035,3,1
0.028434253,3,1
0.029097549,3,1
0.029170108,3,1
0.02857304,3,1
0.027355989,3,1
0.025684865,3,1
0.02380149,3,1
0.02196344,3,1
0.020381277,3,1
0.019173516,3,1
0.018354305,3,1
0.017856858,3,1
0.017582027,3,1
0.017451994,3,1
0.017447412,3,1
0.017613132,3,1
0.018030036,3,1
0.018764103,3,1
0.019813414,3,1
0.021075575,3,1
0.022350879,3,1
0.023382878,3,1
0.023923382,3,1
0.023799339,3,1
0.022958744,3,1
0.021481389,3,1
0.019553785,3,1
0.017419693,3,1
0.015323779,3,1
0.013464619,3,1
0.011966904,3,1
0.01087527,3,1
0.010166517,3,1
0.009774183,3,1
0.009618402,3,1
0.009633994,3,1
0.009790656,3,1
0.010101844,3,1
0.010623147,3,1
0.011445006,3,1
0.012685469,3,1
0.014484786,3,1
0.01699684,3,1
0.020367593,3,1
0.024693106,3,1
0.029960517,3,1
0.035990042,3,1
0.042405855,3,1
0.048660819,3,1
0.054122851,3,1
0.05820577,3,1
0.060506343,3,1
0.060902834,3,1
0.059582503,3,1
0.056991256,3,1
0.053726346,3,1
0.050410392,3,1
0.047584926,3,1
0.045645865,3,1
0.044820839,3,1
0.045171292,3,1
0.046598988,3,1
0.048847522,3,1
0.051506657,3,1
0.054039171,3,1
0.055847694,3,1
0.056382377,3,1
0.055267256,3,1
0.052406407,3,1
0.048030147,3,1
0.042658595,3,1
0.036988229,3,1
0.031734767,3,1
0.027481382,3,1
0.024578332,3,1
0.023119905,3,1
0.02299488,3,1
0.023979738,3,1
0.025830688,3,1
0.028337041,3,1
0.031321538,3,1
0.034601725,3,1
0.037946212,3,1
0.041060505,3,1
0.043618935,3,1
0.045332219,3,1
0.04601953,3,1
0.045651079,3,1
0.044343113,3,1
0.042312084,3,1
0.039813844,3,1
0.0370965,3,1
0.034381913,3,1
0.031870782,3,1
0.029752623,3,1
0.028202566,3,1
0.027359302,3,1
0.027293109,3,1
0.027980155,3,1
0.029295795,3,1
0.031029867,3,1
0.032918298,3,1
0.034682419,3,1
0.036069286,3,1
0.03688909,3,1
0.037046263,3,1
0.036559961,3,1
0.035569925,3,1
0.034327014,3,1
0.033171931,3,1
0.032506837,3,1
0.032760536,3,1
0.034341365,3,1
0.037569648,3,1
0.042589394,3,1
0.049276203,3,1
0.057176095,3,1
0.065514978,3,1
0.073301903,3,1
0.079514296,3,1
0.083315503,3,1
0.084234864,3,1
0.08225096,3,1
0.077756437,3,1
0.071429169,3,1
0.064066245,3,1
0.056440018,3,1
0.049211728,3,1
0.042904007,3,1
0.03790764,3,1
0.03449124,3,1
0.032793674,3,1
0.03279868,3,1
0.034308378,3,1
0.036940279,3,1
0.040168538,3,1
0.043415776,3,1
0.046180623,3,1
0.048165083,3,1
0.049354482,3,1
0.050009568,3,1
0.050557836,3,1
0.051411452,3,1
0.052775244,3,1
0.054521653,3,1
0.056189709,3,1
0.05711752,3,1
0.056662359,3,1
0.054425142,3,1
0.050394828,3,1
0.044963536,3,1
0.038817067,3,1
0.032751931,3,1
0.02748851,3,1
0.023536753,3,1
0.021138173,3,1
0.020275868,3,1
0.020727424,3,1
0.022136369,3,1
0.024087711,3,1
0.026180901,3,1
0.028093974,3,1
0.029628371,3,1
0.030722654,3,1
0.031429861,3,1
0.031866153,3,1
0.032150422,3,1
0.032358186,3,1
0.032505576,3,1
0.032564591,3,1
0.03249691,3,1
0.032287546,3,1
0.031963571,3,1
0.031593513,3,1
0.031273072,3,1
0.031106937,3,1
0.031193616,3,1
0.031613814,3,1
0.032418629,3,1
0.033615073,3,1
0.035152072,3,1
0.036915223,3,1
0.038738331,3,1
0.040432843,3,1
0.041826702,3,1
0.042797975,3,1
0.043290205,3,1
0.043305183,3,1
0.042879797,3,1
0.042060432,3,1
0.040887584,3,1
0.039395844,3,1
0.03762462,3,1
0.035628559,3,1
0.03347701,3,1
0.031239085,3,1
0.028961164,3,1
0.026651193,3,1
0.024284114,3,1
0.021833713,3,1
0.019321937,3,1
0.01686442,3,1
0.014687681,3,1
0.013102206,3,1
0.012433072,3,1
0.012928071,3,1
0.014674009,3,1
0.017550173,3,1
0.021235141,3,1
0.025264865,3,1
0.02912389,3,1
0.032343165,3,1
0.034579036,3,1
0.035656688,3,1
0.035573442,3,1
0.034468536,3,1
0.032573172,3,1
0.03015652,3,1
0.02748056,3,1
0.024770838,3,1
0.022203991,3,1
0.019908318,3,1
0.017972209,3,1
0.016456464,3,1
0.015408635,3,1
0.014878254,3,1
0.014929956,3,1
0.015648253,3,1
0.01712608,3,1
0.019432379,3,1
0.022562584,3,1
0.026386984,3,1
0.030619896,3,1
0.034831563,3,1
0.038512596,3,1
0.041180622,3,1
0.04249878,3,1
0.042365457,3,1
0.040940857,3,1
0.0385982,3,1
0.035817024,3,1
0.033059753,3,1
0.030678518,3,1
0.028883401,3,1
0.027772996,3,1
0.027398611,3,1
0.02781949,3,1
0.029115178,3,1
0.031347145,3,1
0.034490655,3,1
0.038374227,3,1
0.042660008,3,1
0.046877852,3,1
0.050501204,3,1
0.053037512,3,1
0.054106068,3,1
0.053488458,3,1
0.051151028,3,1
0.047245961,3,1
0.042095402,3,1
0.036157176,3,1
0.029968864,3,1
0.024073292,3,1
0.018939584,3,1
0.014901557,3,1
0.012132696,3,1
0.010663755,3,1
0.010431482,3,1
0.011334311,3,1
0.013269388,3,1
0.016135679,3,1
0.019804974,3,1
0.024078546,3,1
0.028655185,3,1
0.033132854,3,1
0.037052748,3,1
0.039976705,3,1
0.041574295,3,1
0.041690973,3,1
0.040375224,3,1
0.037857575,3,1
0.034490747,3,1
0.030671523,3,1
0.026767487,3,1
0.023066493,3,1
0.019757069,3,1
0.016937932,3,1
0.0146472,3,1
0.012897896,3,1
0.011706268,3,1
0.011103095,3,1
0.011124711,3,1
0.011788299,3,1
0.013062347,3,1
0.01484554,3,1
0.016964454,3,1
0.019193223,3,1
0.021289798,3,1
0.023037255,3,1
0.024277328,3,1
0.024927433,3,1
0.024979499,3,1
0.024485613,3,1
0.023538747,3,1
0.022255811,3,1
0.020766623,3,1
0.01920846,3,1
0.01772378,3,1
0.016458205,3,1
0.015555908,3,1
0.015149294,3,1
0.015340286,3,1
0.016173398,3,1
0.017606513,3,1
0.019491425,3,1
0.021577875,3,1
0.023548868,3,1
0.025082317,3,1
0.025921039,3,1
0.025927274,3,1
0.025103549,3,1
0.023576199,3,1
0.021553262,3,1
0.019276426,3,1
0.016983679,3,1
0.014888303,3,1
0.013168557,3,1
0.011957556,3,1
0.011326935,3,1
0.011267357,3,1
0.011677219,3,1
0.012372178,3,1
0.013121013,3,1
0.013701374,3,1
0.013958588,3,1
0.013847583,3,1
0.01344388,3,1
0.012921561,3,1
0.012508069,3,1
0.012432053,3,1
0.012878813,3,1
0.013960428,3,1
0.01569933,3,1
0.018020167,3,1
0.020747165,3,1
0.023610414,3,1
0.026269152,3,1
0.028358327,3,1
0.029555606,3,1
0.029654151,3,1
0.028618913,3,1
0.026606339,3,1
0.023939005,3,1
0.021042038,3,1
0.018359744,3,1
0.016273996,3,1
0.015041288,3,1
0.014757407,3,1
0.015351737,3,1
0.016609059,3,1
0.018214148,3,1
0.019811895,3,1
0.021072843,3,1
0.021752248,3,1
0.021731497,3,1
0.021034041,3,1
0.019813079,3,1
0.018313684,3,1
0.01681736,3,1
0.015581313,3,1
0.01478702,3,1
0.014511057,3,1
0.014724984,3,1
0.01532185,3,1
0.01615835,3,1
0.017097793,3,1
0.018041334,3,1
0.018941298,3,1
0.019796997,3,1
0.020637202,3,1
0.021494351,3,1
0.022375909,3,1
0.023239886,3,1
0.023983503,3,1
0.024453365,3,1
0.024479665,3,1
0.02392674,3,1
0.022742764,3,1
0.02098845,3,1
0.018831379,3,1
0.016506519,3,1
0.014257843,3,1
0.012283337,3,1
0.010702846,3,1
0.009557024,3,1
0.008832088,3,1
0.008495374,3,1
0.008524456,3,1
0.008917574,3,1
0.009682342,3,1
0.010809011,3,1
0.012240778,3,1
0.013854822,3,1
0.015463995,3,1
0.016841775,3,1
0.017764813,3,1
0.018061171,3,1
0.017650367,3,1
0.01656428,3,1
0.014944219,3,1
0.013016222,3,1
0.011051367,3,1
0.009319535,3,1
0.008044566,3,1
0.007367743,3,1
0.007325821,3,1
0.007848678,3,1
0.008778707,3,1
0.009908695,3,1
0.011028833,3,1
0.011969686,3,1
0.012629135,3,1
0.012977557,3,1
0.013044046,3,1
0.012892964,3,1
0.012601549,3,1
0.012245476,3,1
0.011893072,3,1
0.011603833,3,1
0.01142566,3,1
0.011387774,3,1
0.011490711,3,1
0.011698431,3,1
0.011938424,3,1
0.012113361,3,1
0.012123283,3,1
0.011892652,3,1
0.011393936,3,1
0.010659976,3,1
0.009781043,3,1
0.008887558,3,1
0.008123651,3,1
0.007618553,3,1
0.007461888,3,1
0.00768669,3,1
0.008261859,3,1
0.00909474,3,1
0.010044158,3,1
0.010943448,3,1
0.011631006,3,1
0.011982963,3,1
0.011940283,3,1
0.011522438,3,1
0.010822774,3,1
0.009985866,3,1
0.009172874,3,1
0.008524763,3,1
0.008133796,3,1
0.008030743,3,1
0.008189884,3,1
0.008548061,3,1
0.009029893,3,1
0.009570044,3,1
0.010125533,3,1
0.010675488,3,1
0.011210833,3,1
0.011720177,3,1
0.012179381,3,1
0.012550405,3,1
0.012790914,3,1
0.012871265,3,1
0.012791878,3,1
0.012593131,3,1
0.012352351,3,1
0.012167438,3,1
0.012131996,3,1
0.012310252,3,1
0.012719863,3,1
0.013327223,3,1
0.014054934,3,1
0.014797386,3,1
0.015439351,3,1
0.015874047,3,1
0.016019264,3,1
0.015831055,3,1
0.015313552,3,1
0.014521859,3,1
0.013554699,3,1
0.012535835,3,1
0.011587437,3,1
0.010802513,3,1
0.010224676,3,1
0.00984132,3,1
0.009591603,3,1
0.009385905,3,1
0.009130622,3,1
0.016615464,1,2
0.019211122,1,2
0.021666794,1,2
0.023781768,1,2
0.025417863,1,2
0.026530974,1,2
0.027174901,1,2
0.027474626,1,2
0.027577686,1,2
0.027600369,1,2
0.027587418,1,2
0.027499161,1,2
0.027230491,1,2
0.02665519,1,2
0.025680317,1,2
0.024291911,1,2
0.022576399,1,2
0.02071095,1,2
0.018927214,1,2
0.01746193,1,2
0.016510864,1,2
0.016198459,1,2
0.016566759,1,2
0.017578538,1,2
0.019125768,1,2
0.021037393,1,2
0.023087444,1,2
0.025010598,1,2
0.026532486,1,2
0.027415013,1,2
0.02750651,1,2
0.026779182,1,2
0.025337871,1,2
0.023395015,1,2
0.021221622,1,2
0.019094534,1,2
0.017260122,1,2
0.015923767,1,2
0.015259369,1,2
0.015422508,1,2
0.016550405,1,2
0.018740911,1,2
0.022015537,1,2
0.026280786,1,2
0.031303795,1,2
0.036713258,1,2
0.042028843,1,2
0.046715752,1,2
0.050256979,1,2
0.052233203,1,2
0.0523974,1,2
0.050728748,1,2
0.047450412,1,2
0.043001265,1,2
0.037962561,1,2
0.032953729,1,2
0.028521193,1,2
0.025046137,1,2
0.022690807,1,2
0.021391729,1,2
0.020896902,1,2
0.020835983,1,2
0.020808145,1,2
0.020470546,1,2
0.019610292,1,2
0.018185137,1,2
0.016324163,1,2
0.014289157,1,2
0.012407875,1,2
0.010997715,1,2
0.010299642,1,2
0.010437173,1,2
0.011406719,1,2
0.013097172,1,2
0.015330746,1,2
0.017913779,1,2
0.020684372,1,2
0.023543157,1,2
0.026455622,1,2
0.029421583,1,2
0.032419703,1,2
0.035348498,1,2
0.03799263,1,2
0.040037967,1,2
0.041140093,1,2
0.041026046,1,2
0.039590636,1,2
0.036947444,1,2
0.033412493,1,2
0.029427082,1,2
0.025450795,1,2
0.021864377,1,2
0.018912174,1,2
0.016692651,1,2
0.015185208,1,2
0.014291843,1,2
0.013875266,1,2
0.01378567,1,2
0.013878547,1,2
0.014029784,1,2
0.014151168,1,2
0.014203147,1,2
0.014197449,1,2
0.014183526,1,2
0.0142195,1,2
0.014336919,1,2
0.014514211,1,2
0.014672448,1,2
0.014698469,1,2
0.014487878,1,2
0.013989909,1,2
0.013233406,1,2
0.012320453,1,2
0.011388746,1,2
0.010558729,1,2
0.009889224,1,2
0.009361752,1,2
0.008900444,1,2
0.008418104,1,2
0.007867371,1,2
0.007274348,1,2
0.006740444,1,2
0.006411954,1,2
0.006429695,1,2
0.006877894,1,2
0.007750625,1,2
0.008947029,1,2
0.010296401,1,2
0.011604504,1,2
0.012706041,1,2
0.013506681,1,2
0.014002059,1,2
0.014269509,1,2
0.014438292,1,2
0.014651841,1,2
0.015037667,1,2
0.015695726,1,2
0.016706109,1,2
0.01814622,1,2
0.020101252,1,2
0.022653253,1,2
0.025843476,1,2
0.02961683,1,2
0.033770139,1,2
0.037931535,1,2
0.041592572,1,2
0.044197588,1,2
0.045271951,1,2
0.044551134,1,2
0.042065821,1,2
0.038149513,1,2
0.033361678,1,2
0.028350695,1,2
0.023703107,1,2
0.019828696,1,2
0.016913682,1,2
0.014945344,1,2
0.013784336,1,2
0.013247564,1,2
0.013168872,1,2
0.013422217,1,2
0.013912316,1,2
0.014551081,1,2
0.015239588,1,2
0.015866736,1,2
0.016323596,1,2
0.016523748,1,2
0.016418869,1,2
0.016004345,1,2
0.015317284,1,2
0.014433517,1,2
0.013468341,1,2
0.012579346,1,2
0.011963414,1,2
0.011838816,1,2
0.012408895,1,2
0.013813505,1,2
0.016082781,1,2
0.019110078,1,2
0.022655775,1,2
0.026383758,1,2
0.029922285,1,2
0.032934353,1,2
0.035180618,1,2
0.036559666,1,2
0.037115084,1,2
0.037006073,1,2
0.036448249,1,2
0.035641859,1,2
0.034711466,1,2
0.033679502,1,2
0.032484003,1,2
0.031032218,1,2
0.029265444,1,2
0.027205181,1,2
0.024960184,1,2
0.022693412,1,2
0.020567081,1,2
0.018692907,1,2
0.017109458,1,2
0.015793601,1,2
0.01469693,1,2
0.013788819,1,2
0.01308776,1,2
0.012669512,1,2
0.012649363,1,2
0.013143218,1,2
0.014217595,1,2
0.015842513,1,2
0.017863495,1,2
0.020007241,1,2
0.021927931,1,2
0.023287879,1,2
0.023851854,1,2
0.023565393,1,2
0.022589242,1,2
0.021275037,1,2
0.020086461,1,2
0.01948756,1,2
0.019829136,1,2
0.021262972,1,2
0.023704148,1,2
0.026848312,1,2
0.030237436,1,2
0.033356961,1,2
0.035740895,1,2
0.037060447,1,2
0.03717682,1,2
0.036148944,1,2
0.034199378,1,2
0.031652105,1,2
0.028861073,1,2
0.02614701,1,2
0.023754031,1,2
0.02183005,1,2
0.020428635,1,2
0.019525981,1,2
0.019045121,1,2
0.01888,1,2
0.018914379,1,2
0.019034056,1,2
0.019134413,1,2
0.019127057,1,2
0.0189485,1,2
0.018570951,1,2
0.018012094,1,2
0.017339154,1,2
0.016663223,1,2
0.016122252,1,2
0.015854241,1,2
0.015965142,1,2
0.016498621,1,2
0.017416273,1,2
0.01859632,1,2
0.019854887,1,2
0.020987049,1,2
0.021817004,1,2
0.022241609,1,2
0.022252181,1,2
0.02192651,1,2
0.021393949,1,2
0.0207867,1,2
0.020195551,1,2
0.019646264,1,2
0.01910436,1,2
0.01850477,1,2
0.01779321,1,2
0.016962184,1,2
0.016067601,1,2
0.015220679,1,2
0.014559992,1,2
0.014215428,1,2
0.014276596,1,2
0.014773374,1,2
0.015669435,1,2
0.016865079,1,2
0.018205771,1,2
0.019496175,1,2
0.020522486,1,2
0.021085174,1,2
0.021039288,1,2
0.020333246,1,2
0.019033711,1,2
0.017326729,1,2
0.015492968,1,2
0.013863667,1,2
0.012769043,1,2
0.012489983,1,2
0.013218561,1,2
0.015027931,1,2
0.017851653,1,2
0.021476678,1,2
0.02555891,1,2
0.02966928,1,2
0.033368874,1,2
0.036296995,1,2
0.038244637,1,2
0.039185827,1,2
0.039253313,1,2
0.038667413,1,2
0.037646892,1,2
0.036338235,1,2
0.034790849,1,2
0.03298484,1,2
0.030894752,1,2
0.028557657,1,2
0.026113328,1,2
0.023797561,1,2
0.02189045,1,2
0.020640221,1,2
0.020192205,1,2
0.020548724,1,2
0.021572131,1,2
0.023026949,1,2
0.024644819,1,2
0.026191521,1,2
0.027517765,1,2
0.028581585,1,2
0.029437356,1,2
0.030194021,1,2
0.030953539,1,2
0.031748776,1,2
0.032504339,1,2
0.033039515,1,2
0.03311804,1,2
0.032529548,1,2
0.031171858,1,2
0.029101049,1,2
0.026530005,1,2
0.023778987,1,2
0.021201528,1,2
0.019115115,1,2
0.017756844,1,2
0.017266893,1,2
0.017688761,1,2
0.018972627,1,2
0.020976665,1,2
0.023472832,1,2
0.026169182,1,2
0.028755322,1,2
0.030964115,1,2
0.03262979,1,2
0.03371889,1,2
0.034319635,1,2
0.03459307,1,2
0.034706567,1,2
0.034777597,1,2
0.034849338,1,2
0.034903658,1,2
0.034900227,1,2
0.034821908,1,2
0.034709166,1,2
0.034675799,1,2
0.034906762,1,2
0.035640308,1,2
0.037132167,1,2
0.039596336,1,2
0.043123064,1,2
0.047590741,1,2
0.052606093,1,2
0.057512569,1,2
0.061490462,1,2
0.063736922,1,2
0.063675347,1,2
0.061122243,1,2
0.056349192,1,2
0.050015718,1,2
0.0429983,1,2
0.036178224,1,2
0.030260048,1,2
0.025671363,1,2
0.022556231,1,2
0.020838497,1,2
0.020312254,1,2
0.020719962,1,2
0.021797455,1,2
0.023287393,1,2
0.024937634,1,2
0.026503379,1,2
0.027763712,1,2
0.028550448,1,2
0.028777223,1,2
0.028454058,1,2
0.027677883,1,2
0.026599452,1,2
0.025376975,1,2
0.024132417,1,2
0.022926177,1,2
0.021760265,1,2
0.020611217,1,2
0.019483817,1,2
0.018467536,1,2
0.01777234,1,2
0.017722423,1,2
0.018697346,1,2
0.021028219,1,2
0.024876044,1,2
0.030131792,1,2
0.036376953,1,2
0.042927902,1,2
0.048962163,1,2
0.053698073,1,2
0.056580397,1,2
0.057419436,1,2
0.056442381,1,2
0.054240122,1,2
0.051623318,1,2
0.04942843,1,2
0.048328302,1,2
0.048697958,1,2
0.050565981,1,2
0.053653079,1,2
0.057473074,1,2
0.061457155,1,2
0.065064025,1,2
0.067853631,1,2
0.069521806,1,2
0.069907157,1,2
0.068984039,1,2
0.066848091,1,2
0.063691669,1,2
0.059764501,1,2
0.055322718,1,2
0.050581161,1,2
0.045689253,1,2
0.040742755,1,2
0.035825133,1,2
0.031054188,1,2
0.026604406,1,2
0.022687686,1,2
0.019498308,1,2
0.017148467,1,2
0.015626672,1,2
0.014799745,1,2
0.014457481,1,2
0.014379852,1,2
0.01439976,1,2
0.014441648,1,2
0.014531115,1,2
0.014782926,1,2
0.015377702,1,2
0.016531557,1,2
0.018455284,1,2
0.021299026,1,2
0.02508789,1,2
0.029668592,1,2
0.034695516,1,2
0.039676966,1,2
0.044078503,1,2
0.047451644,1,2
0.049539855,1,2
0.050321749,1,2
0.049981181,1,2
0.048829233,1,2
0.047223053,1,2
0.045519759,1,2
0.044075167,1,2
0.043265373,1,2
0.043493729,1,2
0.045154857,1,2
0.048554303,1,2
0.053810526,1,2
0.06077992,1,2
0.069039381,1,2
0.077939878,1,2
0.086719817,1,2
0.094649268,1,2
0.101170433,1,2
0.106004457,1,2
0.109204626,1,2
0.111145813,1,2
0.112447835,1,2
0.113838439,1,2
0.115974138,1,2
0.119255174,1,2
0.123688324,1,2
0.128854996,1,2
0.134019232,1,2
0.138359898,1,2
0.141251038,1,2
0.142476418,1,2
0.142277276,1,2
0.141200892,1,2
0.139812844,1,2
0.138407344,1,2
0.136855442,1,2
0.134663408,1,2
0.131209046,1,2
0.126039586,1,2
0.119095104,1,2
0.110770397,1,2
0.101811237,1,2
0.093109675,1,2
0.085486491,1,2
0.079528186,1,2
0.075506086,1,2
0.073372906,1,2
0.072818558,1,2
0.073365884,1,2
0.074486718,1,2
0.075714787,1,2
0.076729675,1,2
0.077392886,1,2
0.07773301,1,2
0.077893593,1,2
0.078064165,1,2
0.078410046,1,2
0.079007945,1,2
0.07979275,1,2
0.080528962,1,2
0.080828234,1,2
0.080228767,1,2
0.078327544,1,2
0.074923895,1,2
0.070114339,1,2
0.064290709,1,2
0.058034173,1,2
0.051945962,1,2
0.04648447,1,2
0.041872519,1,2
0.038102579,1,2
0.035022458,1,2
0.032452156,1,2
0.030277227,1,2
0.028483202,1,2
0.027126922,1,2
0.026268938,1,2
0.025905365,1,2
0.025933996,1,2
0.026171554,1,2
0.026415082,1,2
0.02652091,1,2
0.026467404,1,2
0.026375399,1,2
0.026478723,1,2
0.027057761,1,2
0.028362351,1,2
0.030551459,1,2
0.03366729,1,2
0.037646657,1,2
0.042359244,1,2
0.047655007,1,2
0.053401903,1,2
0.059499207,1,2
0.065859718,1,2
0.072365515,1,2
0.07881468,1,2
0.084885665,1,2
0.090145409,1,2
0.094112981,1,2
0.096365976,1,2
0.096653071,1,2
0.094966877,1,2
0.09154403,1,2
0.086790245,1,2
0.081161665,1,2
0.075052563,1,2
0.068733504,1,2
0.062356956,1,2
0.0560141,1,2
0.049804679,1,2
0.043881299,1,2
0.038448621,1,2
0.033724441,1,2
0.029889029,1,2
0.027052023,1,2
0.025253049,1,2
0.024491526,1,2
0.024764377,1,2
0.026085853,1,2
0.028472878,1,2
0.03189715,1,2
0.03622325,1,2
0.041162158,1,2
0.046267612,1,2
0.050988847,1,2
0.054772302,1,2
0.057184618,1,2
0.058017879,1,2
0.057340992,1,2
0.055478329,1,2
0.052921966,1,2
0.050207009,1,2
0.047791027,1,2
0.045974303,1,2
0.044879711,1,2
0.044487422,1,2
0.044699655,1,2
0.045401923,1,2
0.046492826,1,2
0.047872597,1,2
0.049404083,1,2
0.050878329,1,2
0.052020347,1,2
0.052554459,1,2
0.052317762,1,2
0.051378731,1,2
0.050102505,1,2
0.049116166,1,2
0.049164331,1,2
0.050892848,1,2
0.05463454,1,2
0.060278064,1,2
0.067273367,1,2
0.074775248,1,2
0.08187186,1,2
0.087812079,1,2
0.092149734,1,2
0.094762589,1,2
0.095760808,1,2
0.095345905,1,2
0.093694572,1,2
0.090917297,1,2
0.087094841,1,2
0.082352822,1,2
0.076918391,1,2
0.071118958,1,2
0.06531874,1,2
0.059823262,1,2
0.054797618,1,2
0.050236574,1,2
0.046001031,1,2
0.041908529,1,2
0.037846107,1,2
0.033866833,1,2
0.030236648,1,2
0.027412969,1,2
0.025956377,1,2
0.02639625,1,2
0.029084637,1,2
0.034075855,1,2
0.041061844,1,2
0.049379063,1,2
0.058087116,1,2
0.06610657,1,2
0.072394048,1,2
0.076125348,1,2
0.07685173,1,2
0.074593461,1,2
0.069842777,1,2
0.063467599,1,2
0.056533781,1,2
0.050088028,1,2
0.044955786,1,2
0.041602992,1,2
0.040089967,1,2
0.040118361,1,2
0.041148009,1,2
0.042546778,1,2
0.043734867,1,2
0.044293211,1,2
0.044018879,1,2
0.042924324,1,2
0.041189076,1,2
0.039080833,1,2
0.03686797,1,2
0.034746899,1,2
0.032804405,1,2
0.031025635,1,2
0.029343334,1,2
0.0277073,1,2
0.026142516,1,2
0.024767078,1,2
0.023758622,1,2
0.023283412,1,2
0.023422466,1,2
0.024131887,1,2
0.025256986,1,2
0.026590966,1,2
0.027945656,1,2
0.029197687,1,2
0.030290823,1,2
0.031202574,1,2
0.031903538,1,2
0.032339272,1,2
0.032447307,1,2
0.032198381,1,2
0.031635806,1,2
0.030888332,1,2
0.030147039,1,2
0.029615282,1,2
0.029452034,1,2
0.02972882,1,2
0.030411795,1,2
0.031370153,1,2
0.032405217,1,2
0.033292464,1,2
0.033829081,1,2
0.033879679,1,2
0.033411709,1,2
0.032511652,1,2
0.031375373,1,2
0.030272023,1,2
0.029488676,1,2
0.029269029,1,2
0.029761299,1,2
0.030987163,1,2
0.032837128,1,2
0.035090773,1,2
0.037455168,1,2
0.039612202,1,2
0.041265717,1,2
0.04218156,1,2
0.042217314,1,2
0.041341731,1,2
0.039644867,1,2
0.037337568,1,2
0.03473504,1,2
0.032217731,1,2
0.030167474,1,2
0.028887646,1,2
0.028527838,1,2
0.029038681,1,2
0.030176189,1,2
0.031558846,1,2
0.032761872,1,2
0.033420444,1,2
0.033311896,1,2
0.032395577,1,2
0.030803352,1,2
0.028788095,1,2
0.026647921,1,2
0.024648369,1,2
0.022962909,1,2
0.021645061,1,2
0.02063553,1,2
0.019798062,1,2
0.018971225,1,2
0.01802113,1,2
0.01688183,1,2
0.015574332,1,2
0.014200526,1,2
0.01291427,1,2
0.011877774,1,2
0.011216073,1,2
0.010983896,1,2
0.011156128,1,2
0.011645261,1,2
0.012338994,1,2
0.013142441,1,2
0.014006378,1,2
0.014927987,1,2
0.015922598,1,2
0.016979218,1,2
0.018022449,1,2
0.018903072,1,2
0.019427863,1,2
0.019420908,1,2
0.018792451,1,2
0.017585694,1,2
0.015980307,1,2
0.014249719,1,2
0.012688519,1,2
0.011537139,1,2
0.010929063,1,2
0.010873594,1,2
0.011272071,1,2
0.01195482,1,2
0.012723713,1,2
0.013389485,1,2
0.013799425,1,2
0.013855506,1,2
0.013524021,1,2
0.012836748,1,2
0.011883016,1,2
0.010793183,1,2
0.009716349,1,2
0.008796912,1,2
0.00815445,1,2
0.007869396,1,2
0.007974655,1,2
0.008452124,1,2
0.009233833,1,2
0.010209118,1,2
0.011239966,1,2
0.012185065,1,2
0.012929103,1,2
0.013409454,1,2
0.013630554,1,2
0.013658859,1,2
0.01359816,1,2
0.013553271,1,2
0.013595532,1,2
0.013743157,1,2
0.013963042,1,2
0.014191383,1,2
0.014362953,1,2
0.014436833,1,2
0.01441029,1,2
0.014319557,1,2
0.014232033,1,2
0.014235693,1,2
0.01442807,1,2
0.014902365,1,2
0.015726469,1,2
0.01691459,1,2
0.018399237,1,2
0.020018361,1,2
0.021532332,1,2
0.022675588,1,2
0.023231342,1,2
0.023102917,1,2
0.022351047,1,2
0.021177219,1,2
0.019855275,1,2
0.018637,1,2
0.01767035,1,2
0.016964361,1,2
0.016414237,1,2
0.015873395,1,2
0.015239146,1,2
0.014514411,1,2
0.013820395,1,2
0.013357527,1,2
0.013333134,1,2
0.013885283,1,2
0.015030011,1,2
0.016647218,1,2
0.018505514,1,2
0.020314666,1,2
0.021788766,1,2
0.02270359,1,2
0.022935651,1,2
0.022476366,1,2
0.021421049,1,2
0.01993836,1,2
0.018230102,1,2
0.016492611,1,2
0.014888831,1,2
0.013535113,1,2
0.012501016,1,2
0.011816177,1,2
0.011477599,1,2
0.011453385,1,2
0.011683566,1,2
0.012082646,1,2
0.012549462,1,2
0.012987066,1,2
0.013329535,1,2
0.01356672,1,2
0.013755376,1,2
0.014007895,1,2
0.014457798,1,2
0.015211026,1,2
0.016299368,1,2
0.017653302,1,2
0.019105274,1,2
0.020423484,1,2
0.021365575,1,2
0.021735547,1,2
0.021427785,1,2
0.0204479,1,2
0.0189079,1,2
0.016999746,1,2
0.014955213,1,2
0.013001363,1,2
0.01132073,1,2
0.010023965,1,2
0.009139852,1,2
0.008623387,1,2
0.032774337,2,2
0.031864366,2,2
0.030148412,2,2
0.027901977,2,2
0.025502313,2,2
0.023329192,2,2
0.021676045,2,2
0.020695519,2,2
0.020386799,2,2
0.020617959,2,2
0.021170704,2,2
0.021796377,2,2
0.022276049,2,2
0.022478444,2,2
0.022406171,2,2
0.022216244,2,2
0.022200845,2,2
0.02272219,2,2
0.024110505,2,2
0.026550691,2,2
0.029993611,2,2
0.034125798,2,2
0.038415591,2,2
0.042228859,2,2
0.044982639,2,2
0.046290154,2,2
0.046052161,2,2
0.044467367,2,2
0.041961926,2,2
0.039064066,2,2
0.036265153,2,2
0.033908546,2,2
0.032134457,2,2
0.03088915,2,2
0.029987297,2,2
0.029202481,2,2
0.028355062,2,2
0.027369781,2,2
0.026286714,2,2
0.025225977,2,2
0.02432361,2,2
0.023666714,2,2
0.023254889,2,2
0.023002387,2,2
0.022776842,2,2
0.02245528,2,2
0.021973323,2,2
0.021350241,2,2
0.020685643,2,2
0.020135275,2,2
0.019878454,2,2
0.020087494,2,2
0.020903764,2,2
0.02242018,2,2
0.024668075,2,2
0.027607211,2,2
0.031119312,2,2
0.035006691,2,2
0.038998196,2,2
0.042765009,2,2
0.045948787,2,2
0.048203131,2,2
0.049246045,2,2
0.048916029,2,2
0.047219636,2,2
0.04435594,2,2
0.040705237,2,2
0.03677614,2,2
0.033115987,2,2
0.030201653,2,2
0.02833747,2,2
0.027589633,2,2
0.027779123,2,2
0.028538294,2,2
0.029414966,2,2
0.029990853,2,2
0.029976454,2,2
0.029255227,2,2
0.027871303,2,2
0.025976989,2,2
0.02376851,2,2
0.021436261,2,2
0.0191425,2,2
0.0170236,2,2
0.01520384,2,2
0.013806536,2,2
0.012953707,2,2
0.012752541,2,2
0.013272067,2,2
0.014516277,2,2
0.016401611,2,2
0.018748047,2,2
0.021292334,2,2
0.023727277,2,2
0.02576196,2,2
0.027187417,2,2
0.027925938,2,2
0.028044476,2,2
0.027724311,2,2
0.027196003,2,2
0.02666321,2,2
0.026244115,2,2
0.025952058,2,2
0.025720273,2,2
0.025456925,2,2
0.025104341,2,2
0.024675973,2,2
0.024255974,2,2
0.023963865,2,2
0.023902422,2,2
0.024113832,2,2
0.024564612,2,2
0.02516626,2,2
0.025822214,2,2
0.026479599,2,2
0.027161722,2,2
0.027965292,2,2
0.029021636,2,2
0.030437027,2,2
0.032237086,2,2
0.034339726,2,2
0.036570516,2,2
0.038717667,2,2
0.040607231,2,2
0.042168932,2,2
0.04346343,2,2
0.044654022,2,2
0.045926713,2,2
0.047385273,2,2
0.048962947,2,2
0.050391689,2,2
0.051250641,2,2
0.051084105,2,2
0.049548648,2,2
0.046533955,2,2
0.042211018,2,2
0.036990946,2,2
0.031414238,2,2
0.026016275,2,2
0.021218237,2,2
0.017274174,2,2
0.014275993,2,2
0.012194576,2,2
0.010927819,2,2
0.010335491,2,2
0.010257658,2,2
0.010526482,2,2
0.010983411,2,2
0.011506193,2,2
0.012039474,2,2
0.012616313,2,2
0.013358858,2,2
0.014452898,2,2
0.01609902,2,2
0.018449932,2,2
0.021548419,2,2
0.025283408,2,2
0.029381162,2,2
0.033442149,2,2
0.037020766,2,2
0.039728271,2,2
0.04132686,2,2
0.041782245,2,2
0.041255823,2,2
0.04004014,2,2
0.038462455,2,2
0.036791066,2,2
0.035174265,2,2
0.033626229,2,2
0.032056273,2,2
0.030325152,2,2
0.02830794,2,2
0.025946098,2,2
0.023277927,2,2
0.020443496,2,2
0.017665714,2,2
0.015213432,2,2
0.013355381,2,2
0.012314982,2,2
0.012234848,2,2
0.013156192,2,2
0.015013353,2,2
0.017639797,2,2
0.020780932,2,2
0.024111595,2,2
0.027260046,2,2
0.029842698,2,2
0.031511959,2,2
0.03201361,2,2
0.031242793,2,2
0.029283428,2,2
0.026417327,2,2
0.023096315,2,2
0.01988007,2,2
0.017350415,2,2
0.016017417,2,2
0.016234158,2,2
0.018136635,2,2
0.021623126,2,2
0.026381905,2,2
0.031965741,2,2
0.03789713,2,2
0.043774534,2,2
0.049344498,2,2
0.054513026,2,2
0.05929183,2,2
0.06370317,2,2
0.067688671,2,2
0.071071127,2,2
0.073599548,2,2
0.075071926,2,2
0.075491388,2,2
0.075186394,2,2
0.074827469,2,2
0.075304774,2,2
0.077483445,2,2
0.081907747,2,2
0.088557716,2,2
0.096756015,2,2
0.105275839,2,2
0.112628374,2,2
0.117439603,2,2
0.118790963,2,2
0.116413247,2,2
0.110682098,2,2
0.10244042,2,2
0.092733735,2,2
0.082563619,2,2
0.072737172,2,2
0.063834045,2,2
0.05625603,2,2
0.050294032,2,2
0.046154687,2,2
0.043926166,2,2
0.043507898,2,2
0.044557585,2,2
0.046506186,2,2
0.048659161,2,2
0.050357528,2,2
0.051138788,2,2
0.05083331,2,2
0.049558959,2,2
0.047621677,2,2
0.045369783,2,2
0.04306558,2,2
0.040823353,2,2
0.03862759,2,2
0.036408129,2,2
0.034127615,2,2
0.031839038,2,2
0.029692193,2,2
0.02789466,2,2
0.026651737,2,2
0.026113419,2,2
0.026346546,2,2
0.027334352,2,2
0.028992807,2,2
0.031189032,2,2
0.033751836,2,2
0.036473871,2,2
0.039113058,2,2
0.041403225,2,2
0.043079355,2,2
0.043914301,2,2
0.043756381,2,2
0.04255531,2,2
0.040368691,2,2
0.03734988,2,2
0.033725311,2,2
0.029771306,2,2
0.025796429,2,2
0.0221288,2,2
0.019103019,2,2
0.01704091,2,2
0.016223582,2,2
0.016856483,2,2
0.019032016,2,2
0.022695823,2,2
0.027624282,2,2
0.033422573,2,2
0.039552856,2,2
0.045397607,2,2
0.050352856,2,2
0.053932916,2,2
0.055858851,2,2
0.056103444,2,2
0.054877652,2,2
0.052562938,2,2
0.049612299,2,2
0.046452443,2,2
0.043416586,2,2
0.04072355,2,2
0.038499783,2,2
0.03682423,2,2
0.035768247,2,2
0.035407397,2,2
0.035797337,2,2
0.036925476,2,2
0.038664299,2,2
0.040753966,2,2
0.042829899,2,2
0.044491623,2,2
0.045391748,2,2
0.045316681,2,2
0.044235152,2,2
0.042302872,2,2
0.039825052,2,2
0.0371882,2,2
0.034777649,2,2
0.032898585,2,2
0.031717431,2,2
0.031236836,2,2
0.031310536,2,2
0.031694283,2,2
0.032118687,2,2
0.032363257,2,2
0.032311473,2,2
0.031974321,2,2
0.031480901,2,2
0.031044096,2,2
0.030913079,2,2
0.031322273,2,2
0.032441906,2,2
0.034333068,2,2
0.036912624,2,2
0.039938659,2,2
0.043029924,2,2
0.045727878,2,2
0.047596139,2,2
0.048334071,2,2
0.04786801,2,2
0.046383692,2,2
0.044280217,2,2
0.042054257,2,2
0.040151618,2,2
0.038838456,2,2
0.038138305,2,2
0.037855229,2,2
0.037668944,2,2
0.037260281,2,2
0.036417345,2,2
0.035086946,2,2
0.033363996,2,2
0.031438863,2,2
0.029535731,2,2
0.027869479,2,2
0.026630457,2,2
0.025988233,2,2
0.026097568,2,2
0.027095238,2,2
0.029088482,2,2
0.032144574,2,2
0.036289427,2,2
0.041512789,2,2
0.047767189,2,2
0.054947157,2,2
0.062847607,2,2
0.071119313,2,2
0.079252353,2,2
0.086614451,2,2
0.092549099,2,2
0.096508674,2,2
0.098176789,2,2
0.097534265,2,2
0.0948454,2,2
0.090574173,2,2
0.085267119,2,2
0.079447905,2,2
0.073556017,2,2
0.067936506,2,2
0.062862915,2,2
0.058562746,2,2
0.055218912,2,2
0.052938125,2,2
0.051699195,2,2
0.051309812,2,2
0.051402129,2,2
0.051483945,2,2
0.051039575,2,2
0.049653243,2,2
0.047118084,2,2
0.043500088,2,2
0.039144841,2,2
0.034635727,2,2
0.030724922,2,2
0.028257597,2,2
0.028098414,2,2
0.031056947,2,2
0.03780484,2,2
0.048785727,2,2
0.064133441,2,2
0.083623386,2,2
0.10667651,2,2
0.13241532,2,2
0.15974796,2,2
0.187445612,2,2
0.214189757,2,2
0.238594509,2,2
0.259237126,2,2
0.274736919,2,2
0.283900916,2,2
0.285914168,2,2
0.280517427,2,2
0.268106841,2,2
0.249715228,2,2
0.226878262,2,2
0.201427101,2,2
0.175262661,2,2
0.150154034,2,2
0.12757875,2,2
0.108604674,2,2
0.093812339,2,2
0.083267274,2,2
0.076559393,2,2
0.07291823,2,2
0.071388741,2,2
0.071026054,2,2
0.071056728,2,2
0.070967948,2,2
0.070518405,2,2
0.069696707,2,2
0.068666312,2,2
0.067723362,2,2
0.067265613,2,2
0.067747052,2,2
0.06959149,2,2
0.073062667,2,2
0.078125009,2,2
0.084355333,2,2
0.090963017,2,2
0.096940719,2,2
0.101314253,2,2
0.103414204,2,2
0.103076322,2,2
0.100701284,2,2
0.097156085,2,2
0.093555303,2,2
0.090996678,2,2
0.090329525,2,2
0.092010625,2,2
0.096065478,2,2
0.102139969,2,2
0.10960852,2,2
0.117701563,2,2
0.125623797,2,2
0.132649661,2,2
0.138197592,2,2
0.14189345,2,2
0.143630607,2,2
0.143619302,2,2
0.14239926,2,2
0.140781812,2,2
0.139703124,2,2
0.140007857,2,2
0.142224879,2,2
0.146416976,2,2
0.152166556,2,2
0.158703758,2,2
0.165120297,2,2
0.170577812,2,2
0.174433846,2,2
0.176262659,2,2
0.175807801,2,2
0.172932292,2,2
0.167615312,2,2
0.159997573,2,2
0.15043556,2,2
0.139516517,2,2
0.128014638,2,2
0.116810815,2,2
0.106821177,2,2
0.098965196,2,2
0.094161668,2,2
0.0933005,2,2
0.097131486,2,2
0.106049928,2,2
0.119826968,2,2
0.137393921,2,2
0.156808134,2,2
0.175485004,2,2
0.190687575,2,2
0.200157682,2,2
0.202696914,2,2
0.198498028,2,2
0.189097258,2,2
0.176942548,2,2
0.164705239,2,2
0.154551807,2,2
0.147603728,2,2
0.143744619,2,2
0.141812778,2,2
0.140090406,2,2
0.136912702,2,2
0.131197201,2,2
0.122737617,2,2
0.112195817,2,2
0.100827013,2,2
0.090053083,2,2
0.081033874,2,2
0.074370025,2,2
0.07001383,2,2
0.067390531,2,2
0.065667767,2,2
0.064075983,2,2
0.062183564,2,2
0.060058552,2,2
0.058286988,2,2
0.057850698,2,2
0.059889382,2,2
0.065387861,2,2
0.074846702,2,2
0.088013552,2,2
0.103762103,2,2
0.120188996,2,2
0.13494685,2,2
0.145753248,2,2
0.150940219,2,2
0.149873179,2,2
0.143097089,2,2
0.132157032,2,2
0.119156463,2,2
0.106208926,2,2
0.094967225,2,2
0.086366926,2,2
0.080624146,2,2
0.077427941,2,2
0.07620958,2,2
0.076373326,2,2
0.077423352,2,2
0.078985988,2,2
0.080772689,2,2
0.08254024,2,2
0.084084918,2,2
0.085273775,2,2
0.086087909,2,2
0.086641584,2,2
0.087150153,2,2
0.087843599,2,2
0.0888509,2,2
0.090101126,2,2
0.091289589,2,2
0.091937777,2,2
0.091539511,2,2
0.08974744,2,2
0.08653068,2,2
0.082238245,2,2
0.077534387,2,2
0.073219156,2,2
0.069991657,2,2
0.068236614,2,2
0.067907882,2,2
0.068548221,2,2
0.069436534,2,2
0.069810117,2,2
0.069086223,2,2
0.067011751,2,2
0.063698687,2,2
0.059543986,2,2
0.055070647,2,2
0.05074926,2,2
0.046860396,2,2
0.043439562,2,2
0.040315657,2,2
0.037221607,2,2
0.033932544,2,2
0.030379841,2,2
0.026700514,2,2
0.02320632,2,2
0.020286228,2,2
0.018278756,2,2
0.017359232,2,2
0.017479297,2,2
0.018376274,2,2
0.019646553,2,2
0.02085822,2,2
0.021669249,2,2
0.021919665,2,2
0.021676642,2,2
0.021225715,2,2
0.021014443,2,2
0.021563701,2,2
0.023365416,2,2
0.026785059,2,2
0.031984755,2,2
0.038879796,2,2
0.047137439,2,2
0.056220391,2,2
0.065467566,2,2
0.074193403,2,2
0.081779909,2,2
0.087738161,2,2
0.091729783,2,2
0.093557906,2,2
0.093150291,2,2
0.090555773,2,2
0.085959048,2,2
0.079698546,2,2
0.072261897,2,2
0.064241231,2,2
0.056251933,2,2
0.048839795,2,2
0.042408855,2,2
0.037191611,2,2
0.033261874,2,2
0.030571977,2,2
0.028990435,2,2
0.028324804,2,2
0.028330129,2,2
0.028715942,2,2
0.029167445,2,2
0.029388678,2,2
0.029162042,2,2
0.028406566,2,2
0.027212607,2,2
0.025835546,2,2
0.024643781,2,2
0.024031781,2,2
0.024321235,2,2
0.025677683,2,2
0.028065347,2,2
0.031251335,2,2
0.0348568,2,2
0.038441326,2,2
0.041600428,2,2
0.044054555,2,2
0.045710119,2,2
0.046677674,2,2
0.047239662,2,2
0.047770725,2,2
0.048627081,2,2
0.050034359,2,2
0.052009825,2,2
0.054349083,2,2
0.056687636,2,2
0.058619428,2,2
0.059829401,2,2
0.060188147,2,2
0.059770559,2,2
0.058792867,2,2
0.057498812,2,2
0.056048321,2,2
0.054459293,2,2
0.05262671,2,2
0.050406749,2,2
0.047724989,2,2
0.044659917,2,2
0.04146708,2,2
0.038536026,2,2
0.036298221,2,2
0.035118854,2,2
0.035206101,2,2
0.036561793,2,2
0.038984029,2,2
0.042119653,2,2
0.045553784,2,2
0.048913902,2,2
0.051958374,2,2
0.054617988,2,2
0.056969797,2,2
0.059146628,2,2
0.061215881,2,2
0.063082476,2,2
0.064468097,2,2
0.064987995,2,2
0.06429973,2,2
0.062259696,2,2
0.059015561,2,2
0.054992323,2,2
0.050781414,2,2
0.046987651,2,2
0.044103107,2,2
0.042453773,2,2
0.042219808,2,2
0.043490487,2,2
0.046302673,2,2
0.050631283,2,2
0.056337301,2,2
0.063109981,2,2
0.070447135,2,2
0.077698175,2,2
0.084161839,2,2
0.089204147,2,2
0.092356372,2,2
0.093368597,2,2
0.09221948,2,2
0.089100311,2,2
0.084391096,2,2
0.078631133,2,2
0.072470058,2,2
0.066582678,2,2
0.061547365,2,2
0.057715072,2,2
0.055116509,2,2
0.053453285,2,2
0.052191346,2,2
0.050733535,2,2
0.048612858,2,2
0.045637075,2,2
0.041934178,2,2
0.037888081,2,2
0.03399567,2,2
0.030702262,2,2
0.028273476,2,2
0.026740668,2,2
0.025926184,2,2
0.025526909,2,2
0.025219354,2,2
0.024749337,2,2
0.023981322,2,2
0.022900826,2,2
0.021581271,2,2
0.020138109,2,2
0.01869413,2,2
0.01737012,2,2
0.016298532,2,2
0.015642234,2,2
0.015593965,2,2
0.016339558,2,2
0.017987371,2,2
0.020489168,2,2
0.023591891,2,2
0.026855874,2,2
0.029751389,2,2
0.031810526,2,2
0.032781132,2,2
0.032719861,2,2
0.031980009,2,2
0.031090868,2,2
0.030571258,2,2
0.030749173,2,2
0.031657769,2,2
0.033045397,2,2
0.034488836,2,2
0.035556939,2,2
0.035955177,2,2
0.035596342,2,2
0.034580044,2,2
0.033104691,2,2
0.031361377,2,2
0.029459549,2,2
0.02741243,2,2
0.025179217,2,2
0.02273646,2,2
0.020142674,2,2
0.017568661,2,2
0.015283629,2,2
0.013604431,2,2
0.0128253,2,2
0.01314735,2,2
0.014623894,2,2
0.01713286,2,2
0.020382923,2,2
0.023954553,2,2
0.027369887,2,2
0.030177257,2,2
0.03203057,2,2
0.032744503,2,2
0.032314583,2,2
0.030903511,2,2
0.028805162,2,2
0.026400345,2,2
0.024112829,2,2
0.022365249,2,2
0.021529581,2,2
0.021870497,2,2
0.02349053,2,2
0.026295888,2,2
0.030002607,2,2
0.034190683,2,2
0.038393755,2,2
0.042194634,2,2
0.045293076,2,2
0.047525151,2,2
0.048836835,2,2
0.04923527,2,2
0.048748257,2,2
0.047412821,2,2
0.045293821,2,2
0.042515411,2,2
0.039281326,2,2
0.035866622,2,2
0.032578361,2,2
0.029697196,2,2
0.027419289,2,2
0.025816872,2,2
0.024828607,2,2
0.0242818,2,2
0.0239404,2,2
0.023566785,2,2
0.022981996,2,2
0.022108848,2,2
0.020986313,2,2
0.019751578,2,2
0.018596298,2,2
0.017711879,2,2
0.017241132,2,2
0.017249073,2,2
0.01771632,2,2
0.01854956,2,2
0.019599601,2,2
0.020680011,2,2
0.021585487,2,2
0.022113918,2,2
0.022095619,2,2
0.021427598,2,2
0.020103644,2,2
0.01822785,2,2
0.016002696,2,2
0.013691824,2,2
0.011567398,2,2
0.009857402,2,2
0.008707096,2,2
0.008162502,2,2
0.00817608,2,2
0.008629163,2,2
0.009363691,2,2
0.010216395,2,2
0.011050195,2,2
0.01177889,2,2
0.012381958,2,2
0.012906879,2,2
0.01345736,2,2
0.014167714,2,2
0.015166657,2,2
0.016537806,2,2
0.018287811,2,2
0.020333972,2,2
0.022519197,2,2
0.02465296,2,2
0.026565707,2,2
0.028156333,2,2
0.029413075,2,2
0.030398402,2,2
0.031204184,2,2
0.031896901,2,2
0.032477159,2,2
0.032871208,2,2
0.032958104,2,2
0.032621485,2,2
0.031806067,2,2
0.030558398,2,2
0.029037808,2,2
0.027493349,2,2
0.026212353,2,2
0.025453874,2,2
0.025384504,2,2
0.026033931,2,2
0.027282712,2,2
0.028886035,2,2
0.030527135,2,2
0.03188607,2,2
0.032706464,2,2
0.032844995,2,2
0.032294328,2,2
0.031177131,2,2
0.029714874,2,2
0.028179443,2,2
0.026838225,2,2
0.025903999,2,2
0.025499383,2,2
0.040278555,3,2
0.038064543,3,2
0.034793068,3,2
0.031297944,3,2
0.028434292,3,2
0.026862433,3,2
0.026895222,3,2
0.028443372,3,2
0.031063204,3,2
0.034085001,3,2
0.036783923,3,2
0.038550186,3,2
0.03901974,3,2
0.038138697,3,2
0.036152182,3,2
0.033527284,3,2
0.03083532,3,2
0.028625641,3,2
0.027319784,3,2
0.027143439,3,2
0.028100732,3,2
0.029986512,3,2
0.032429638,3,2
0.034960798,3,2
0.03709733,3,2
0.038432523,3,2
0.038710676,3,2
0.037867811,3,2
0.036025656,3,2
0.033442226,3,2
0.030438724,3,2
0.027330949,3,2
0.024389119,3,2
0.021835093,3,2
0.019867948,3,2
0.018696211,3,2
0.018552818,3,2
0.019676879,3,2
0.022260608,3,2
0.026374581,3,2
0.031895217,3,2
0.038461792,3,2
0.04548534,3,2
0.052219008,3,2
0.057881632,3,2
0.061808245,3,2
0.063589063,3,2
0.063157717,3,2
0.06080207,3,2
0.057093629,3,2
0.052756474,3,2
0.048513989,3,2
0.044954984,3,2
0.042449476,3,2
0.041124501,3,2
0.040890875,3,2
0.041500473,3,2
0.042612621,3,2
0.043854942,3,2
0.044872555,3,2
0.045365412,3,2
0.045115146,3,2
0.04400183,3,2
0.042010066,3,2
0.039224254,3,2
0.035814199,3,2
0.032012953,3,2
0.02808835,3,2
0.024309218,3,2
0.020908201,3,2
0.018046388,3,2
0.015788508,3,2
0.014098424,3,2
0.012860289,3,2
0.011921712,3,2
0.011145452,3,2
0.010451018,3,2
0.0098308,3,2
0.009336218,3,2
0.009042847,3,2
0.009012477,3,2
0.009270025,3,2
0.009804154,3,2
0.010587484,3,2
0.011602237,3,2
0.012855197,3,2
0.014372456,3,2
0.016175917,3,2
0.018254009,3,2
0.020543514,3,2
0.022935654,3,2
0.025308984,3,2
0.027578417,3,2
0.029739604,3,2
0.031886088,3,2
0.034185366,3,2
0.036816754,3,2
0.039891709,3,2
0.043387377,3,2
0.047120843,3,2
0.050775699,3,2
0.053971803,3,2
0.056353489,3,2
0.057668068,3,2
0.057814798,3,2
0.056858078,3,2
0.055009442,3,2
0.052586645,3,2
0.049956681,3,2
0.047468015,3,2
0.045379822,3,2
0.04380183,3,2
0.042662786,3,2
0.04172293,3,2
0.040634506,3,2
0.039037665,3,2
0.036664636,3,2
0.033419898,3,2
0.02941146,3,2
0.024925499,3,2
0.020356213,3,2
0.016116507,3,2
0.012557572,3,2
0.009916904,3,2
0.008300106,3,2
0.007689452,3,2
0.007967184,3,2
0.008944404,3,2
0.010392984,3,2
0.012082191,3,2
0.01381987,3,2
0.01549118,3,2
0.017081332,3,2
0.018668679,3,2
0.020383431,3,2
0.022342239,3,2
0.024582331,3,2
0.027022928,3,2
0.029472689,3,2
0.031682983,3,2
0.033426423,3,2
0.034568204,3,2
0.035100417,3,2
0.035126076,3,2
0.034802339,3,2
0.034270886,3,2
0.033608656,3,2
0.032821854,3,2
0.031885114,3,2
0.030806019,3,2
0.02968273,3,2
0.028724736,3,2
0.028222418,3,2
0.028473051,3,2
0.029689996,3,2
0.031930623,3,2
0.035073702,3,2
0.038860433,3,2
0.042990281,3,2
0.047241022,3,2
0.051569017,3,2
0.056146169,3,2
0.061306233,3,2
0.06740247,3,2
0.07461348,3,2
0.0827626,3,2
0.091225215,3,2
0.098979116,3,2
0.104806759,3,2
0.107599956,3,2
0.106671043,3,2
0.101963123,3,2
0.094084262,3,2
0.084154501,3,2
0.073521967,3,2
0.063445363,3,2
0.054839397,3,2
0.048143593,3,2
0.043325408,3,2
0.039988741,3,2
0.037540563,3,2
0.035368972,3,2
0.032995602,3,2
0.030176084,3,2
0.026932893,3,2
0.023518233,3,2
0.020321144,3,2
0.017748268,3,2
0.016114304,3,2
0.01557179,3,2
0.016092961,3,2
0.017497223,3,2
0.019505137,3,2
0.021797833,3,2
0.024067552,3,2
0.02605442,3,2
0.02757096,3,2
0.028516831,3,2
0.028883581,3,2
0.02874666,3,2
0.028242915,3,2
0.027536876,3,2
0.026785616,3,2
0.026115268,3,2
0.025618981,3,2
0.025376252,3,2
0.025481915,3,2
0.026066048,3,2
0.027288268,3,2
0.029300843,3,2
0.032189413,3,2
0.035910982,3,2
0.040251825,3,2
0.044822808,3,2
0.049099413,3,2
0.052501962,3,2
0.054500823,3,2
0.054723524,3,2
0.053037798,3,2
0.049588562,3,2
0.044778046,3,2
0.039193788,3,2
0.033503437,3,2
0.028342693,3,2
0.024220908,3,2
0.021460128,3,2
0.020172378,3,2
0.020271599,3,2
0.02151242,3,2
0.02354699,3,2
0.025990994,3,2
0.028489227,3,2
0.030770054,3,2
0.032678035,3,2
0.034176945,3,2
0.035321834,3,2
0.036207611,3,2
0.036909953,3,2
0.037438185,3,2
0.037716585,3,2
0.037600641,3,2
0.036922249,3,2
0.03554844,3,2
0.03343615,3,2
0.030670542,3,2
0.027482051,3,2
0.024242502,3,2
0.02144098,3,2
0.019637945,3,2
0.019395801,3,2
0.021188873,3,2
0.025304702,3,2
0.031757306,3,2
0.040236825,3,2
0.050115686,3,2
0.060519449,3,2
0.070453689,3,2
0.078961364,3,2
0.085273995,3,2
0.088919641,3,2
0.089763183,3,2
0.08797607,3,2
0.083954957,3,2
0.078221432,3,2
0.071333104,3,2
0.063822165,3,2
0.056160486,3,2
0.048740107,3,2
0.041858968,3,2
0.035710438,3,2
0.030383433,3,2
0.02588086,3,2
0.022156768,3,2
0.019162102,3,2
0.016882491,3,2
0.015353793,3,2
0.014651068,3,2
0.014858895,3,2
0.016038923,3,2
0.018210419,3,2
0.021351854,3,2
0.0254201,3,2
0.030373723,3,2
0.036182216,3,2
0.042806253,3,2
0.050145044,3,2
0.057963151,3,2
0.065825182,3,2
0.073074836,3,2
0.07888826,3,2
0.082408718,3,2
0.082936891,3,2
0.080122217,3,2
0.074090375,3,2
0.065457902,3,2
0.055222832,3,2
0.044564407,3,2
0.034616367,3,2
0.026283545,3,2
0.020149466,3,2
0.016484425,3,2
0.015326321,3,2
0.016585311,3,2
0.020124198,3,2
0.02578542,3,2
0.033361956,3,2
0.04253254,3,2
0.052794621,3,2
0.063430404,3,2
0.073533546,3,2
0.082108475,3,2
0.088232018,3,2
0.09124183,3,2
0.090896396,3,2
0.087448388,3,2
0.081594564,3,2
0.074307578,3,2
0.066601441,3,2
0.05931042,3,2
0.052955025,3,2
0.047729794,3,2
0.043594689,3,2
0.04041149,3,2
0.038057689,3,2
0.036474668,3,2
0.035648608,3,2
0.035558693,3,2
0.036139864,3,2
0.037292803,3,2
0.038942079,3,2
0.041111912,3,2
0.043973392,3,2
0.047824595,3,2
0.052992449,3,2
0.059680757,3,2
0.067817517,3,2
0.07696375,3,2
0.086330133,3,2
0.094911245,3,2
0.101703562,3,2
0.105939805,3,2
0.107263213,3,2
0.105785405,3,2
0.102013503,3,2
0.096679387,3,2
0.090537118,3,2
0.084200583,3,2
0.078070386,3,2
0.072357924,3,2
0.067173726,3,2
0.06262415,3,2
0.058864115,3,2
0.056080069,3,2
0.054413254,3,2
0.053862305,3,2
0.054214944,3,2
0.055048498,3,2
0.055814093,3,2
0.05598965,3,2
0.055262282,3,2
0.053688148,3,2
0.05177977,3,2
0.050485703,3,2
0.051051109,3,2
0.054775053,3,2
0.062706376,3,2
0.075340919,3,2
0.092393812,3,2
0.112715913,3,2
0.134398317,3,2
0.155063586,3,2
0.17228735,3,2
0.184048437,3,2
0.189090876,3,2
0.1871074,3,2
0.178713816,3,2
0.165251686,3,2
0.148504011,3,2
0.130416269,3,2
0.112885591,3,2
0.097633644,3,2
0.086138949,3,2
0.079588176,3,2
0.078814538,3,2
0.084213877,3,2
0.095651987,3,2
0.112391609,3,2
0.13307277,3,2
0.155777359,3,2
0.178198213,3,2
0.197912796,3,2
0.212731837,3,2
0.221060737,3,2
0.222189751,3,2
0.216432304,3,2
0.205064594,3,2
0.19007422,3,2
0.173779664,3,2
0.158414091,3,2
0.145765821,3,2
0.136939785,3,2
0.132265908,3,2
0.131347508,3,2
0.133222614,3,2
0.136600959,3,2
0.140133445,3,2
0.14266668,3,2
0.143435618,3,2
0.142157473,3,2
0.139011575,3,2
0.134518146,3,2
0.129355058,3,2
0.124166056,3,2
0.119411405,3,2
0.115293466,3,2
0.111762551,3,2
0.108583085,3,2
0.105426496,3,2
0.101959865,3,2
0.097914263,3,2
0.093133568,3,2
0.087612146,3,2
0.081523936,3,2
0.075232195,3,2
0.069260965,3,2
0.064216234,3,2
0.060666238,3,2
0.059014695,3,2
0.059412506,3,2
0.061743557,3,2
0.065692116,3,2
0.070866364,3,2
0.076930506,3,2
0.083695774,3,2
0.091137596,3,2
0.099333433,3,2
0.108342207,3,2
0.118063802,3,2
0.128123238,3,2
0.137819897,3,2
0.146169784,3,2
0.152048977,3,2
0.154420213,3,2
0.152595684,3,2
0.146466865,3,2
0.13662797,3,2
0.124341231,3,2
0.111336509,3,2
0.099489605,3,2
0.090462113,3,2
0.085394422,3,2
0.084720112,3,2
0.08812708,3,2
0.094648845,3,2
0.102846017,3,2
0.111037328,3,2
0.117552591,3,2
0.120990504,3,2
0.120461428,3,2
0.115782031,3,2
0.107578919,3,2
0.097266574,3,2
0.086892605,3,2
0.078876653,3,2
0.075688413,3,2
0.079506527,3,2
0.091883831,3,2
0.113437871,3,2
0.143602595,3,2
0.18050857,3,2
0.221075288,3,2
0.261371392,3,2
0.297222755,3,2
0.324952631,3,2
0.342068282,3,2
0.34770136,3,2
0.342671783,3,2
0.329153896,3,2
0.31004035,3,2
0.288186913,3,2
0.265755921,3,2
0.243846669,3,2
0.222511964,3,2
0.201132968,3,2
0.178999529,3,2
0.155868976,3,2
0.132288073,3,2
0.109560862,3,2
0.089389393,3,2
0.073342268,3,2
0.062363956,3,2
0.056507741,3,2
0.054978336,3,2
0.05645218,3,2
0.059549115,3,2
0.063286391,3,2
0.067360879,3,2
0.07216791,3,2
0.07855491,3,2
0.087398653,3,2
0.099158384,3,2
0.113569656,3,2
0.129596372,3,2
0.145663658,3,2
0.16008593,3,2
0.171527002,3,2
0.179317994,3,2
0.183522831,3,2
0.184754011,3,2
0.183851074,3,2
0.18158682,3,2
0.178534379,3,2
0.175127541,3,2
0.171831269,3,2
0.1692726,3,2
0.168202582,3,2
0.169257922,3,2
0.172613395,3,2
0.177696029,3,2
0.183125633,3,2
0.186955712,3,2
0.187159243,3,2
0.182197246,3,2
0.17147206,3,2
0.155513612,3,2
0.13585041,3,2
0.114630666,3,2
0.094136629,3,2
0.076350375,3,2
0.062683539,3,2
0.053902773,3,2
0.050204776,3,2
0.051352078,3,2
0.05678767,3,2
0.065693091,3,2
0.077012202,3,2
0.089498457,3,2
0.101836115,3,2
0.112838926,3,2
0.12167033,3,2
0.127993525,3,2
0.131973251,3,2
0.134111812,3,2
0.13498032,3,2
0.134960742,3,2
0.134114531,3,2
0.132237017,3,2
0.129069955,3,2
0.124569531,3,2
0.119099062,3,2
0.113446983,3,2
0.10864628,3,2
0.105656833,3,2
0.105030131,3,2
0.106683524,3,2
0.109868382,3,2
0.113344539,3,2
0.115702851,3,2
0.115734579,3,2
0.112741381,3,2
0.106707338,3,2
0.098299079,3,2
0.088705791,3,2
0.079366832,3,2
0.071656717,3,2
0.066603686,3,2
0.064708356,3,2
0.065902802,3,2
0.069651739,3,2
0.075155771,3,2
0.081585935,3,2
0.088271512,3,2
0.094783873,3,2
0.100900878,3,2
0.106482802,3,2
0.11132353,3,2
0.115047903,3,2
0.117106265,3,2
0.116879721,3,2
0.113868978,3,2
0.107909868,3,2
0.099348318,3,2
0.08911762,3,2
0.078685647,3,2
0.069870005,3,2
0.064546945,3,2
0.064300879,3,2
0.070075756,3,2
0.081898005,3,2
0.098741183,3,2
0.118588907,3,2
0.138719458,3,2
0.156183552,3,2
0.16838791,3,2
0.173651155,3,2
0.171585656,3,2
0.163189978,3,2
0.15060771,3,2
0.136600734,3,2
0.123870923,3,2
0.11441575,3,2
0.109101009,3,2
0.107574505,3,2
0.108544229,3,2
0.110334884,3,2
0.111554479,3,2
0.111674216,3,2
0.111355197,3,2
0.112427669,3,2
0.117515459,3,2
0.129377612,3,2
0.150101785,3,2
0.180328953,3,2
0.218711528,3,2
0.261790659,3,2
0.304403399,3,2
0.340593956,3,2
0.364837719,3,2
0.373255908,3,2
0.36446907,3,2
0.339838375,3,2
0.303043075,3,2
0.259158494,3,2
0.213540585,3,2
0.170838431,3,2
0.134356021,3,2
0.10583069,3,2
0.085560821,3,2
0.072746034,3,2
0.065902788,3,2
0.063258913,3,2
0.06307753,3,2
0.063892799,3,2
0.064654161,3,2
0.064780237,3,2
0.06412706,3,2
0.062881972,3,2
0.061404542,3,2
0.060047486,3,2
0.059000231,3,2
0.05819973,3,2
0.057341104,3,2
0.055992403,3,2
0.053780083,3,2
0.050579881,3,2
0.046638226,3,2
0.042570266,3,2
0.039225118,3,2
0.037458368,3,2
0.037884995,3,2
0.040690416,3,2
0.045554479,3,2
0.05170537,3,2
0.058083044,3,2
0.063566397,3,2
0.067208788,3,2
0.068430498,3,2
0.067129424,3,2
0.063689016,3,2
0.058883003,3,2
0.053698332,3,2
0.049117441,3,2
0.045912772,3,2
0.044504075,3,2
0.04491063,3,2
0.046800892,3,2
0.049612556,3,2
0.052698752,3,2
0.055457357,3,2
0.057417187,3,2
0.058276861,3,2
0.057908104,3,2
0.056339566,3,2
0.053731821,3,2
0.050346236,3,2
0.046506312,3,2
0.042552145,3,2
0.03879363,3,2
0.035471387,3,2
0.032733091,3,2
0.030628127,3,2
0.02911862,3,2
0.028102666,3,2
0.027445672,3,2
0.027015467,3,2
0.02671445,3,2
0.026498997,3,2
0.026377387,3,2
0.026386157,3,2
0.026558673,3,2
0.026910102,3,2
0.027459027,3,2
0.0282846,3,2
0.029588268,3,2
0.031710155,3,2
0.035059286,3,2
0.039956615,3,2
0.046442598,3,2
0.054136885,3,2
0.06223202,3,2
0.069652512,3,2
0.075337452,3,2
0.078545244,3,2
0.079063403,3,2
0.077243023,3,2
0.073848542,3,2
0.069785844,3,2
0.065813823,3,2
0.062341509,3,2
0.059370645,3,2
0.056584016,3,2
0.053528408,3,2
0.04981613,3,2
0.045275247,3,2
0.040008079,3,2
0.034355001,3,2
0.02879142,3,2
0.023801062,3,2
0.019766962,3,2
0.016907287,3,2
0.015263645,3,2
0.014732101,3,2
0.015116996,3,2
0.016186927,3,2
0.0177193,3,2
0.019529795,3,2
0.021489992,3,2
0.023536617,3,2
0.025670611,3,2
0.027939405,3,2
0.030397666,3,2
0.033052564,3,2
0.03581377,3,2
0.038475975,3,2
0.040754271,3,2
0.042370279,3,2
0.043159476,3,2
0.043153097,3,2
0.042592638,3,2
0.041861784,3,2
0.041357417,3,2
0.041350037,3,2
0.041889731,3,2
0.042793781,3,2
0.043716086,3,2
0.04426477,3,2
0.044118509,3,2
0.043100402,3,2
0.0411938,3,2
0.038512421,3,2
0.035252627,3,2
0.031652871,3,2
0.027969201,3,2
0.024458822,3,2
0.021357419,3,2
0.018843559,3,2
0.016998582,3,2
0.015781691,3,2
0.01503888,3,2
0.01455053,3,2
0.01410372,3,2
0.01356232,3,2
0.012908034,3,2
0.0122384,3,2
0.011726274,3,2
0.011559932,3,2
0.01188711,3,2
0.012779763,3,2
0.014224333,3,2
0.016132139,3,2
0.018360936,3,2
0.020741024,3,2
0.02310325,3,2
0.02530682,3,2
0.027261565,3,2
0.028935678,3,2
0.030341618,3,2
0.031501593,3,2
0.03240597,3,2
0.032985166,3,2
0.033112079,3,2
0.032638454,3,2
0.031452012,3,2
0.029531128,3,2
0.026975452,3,2
0.024002309,3,2
0.02091282,3,2
0.018041192,3,2
0.015702254,3,2
0.014147757,3,2
0.013535611,3,2
0.013911901,3,2
0.015204759,3,2
0.017230878,3,2
0.019717249,3,2
0.022340068,3,2
0.024778657,3,2
0.026775588,3,2
0.028188081,3,2
0.029014041,3,2
0.029381214,3,2
0.029499188,3,2
0.029587231,3,2
0.029800549,3,2
0.030179274,3,2
0.030637265,3,2
0.030994678,3,2
0.031044094,3,2
0.030629761,3,2
0.029715969,3,2
0.028424039,3,2
0.027026088,3,2
0.025895111,3,2
0.025422593,3,2
0.025924614,3,2
0.027562963,3,2
0.03030648,3,2
0.03394776,3,2
0.038172198,3,2
0.042655223,3,2
0.047148533,3,2
0.051516477,3,2
0.055703249,3,2
0.059644289,3,2
0.063166328,3,2
0.06593278,3,2
0.067475375,3,2
0.067314151,3,2
0.065124795,3,2
0.060886728,3,2
0.05495066,3,2
0.047997082,3,2
0.040899989,3,2
0.03454224,3,2
0.029638118,3,2
0.02660651,3,2
0.025516,3,2
0.026102966,3,2
0.027850815,3,2
0.030110805,3,2
0.032238963,3,2
0.033719286,3,2
0.034244743,3,2
0.033738508,3,2
0.032316778,3,2
0.030213713,3,2
0.027699179,3,2
0.025016181,3,2
0.022350614,3,2
0.019829983,3,2
0.017538419,3,2
0.01553519,3,2
0.013869451,3,2
0.012589192,3,2
0.01174381,3,2
0.011378644,3,2
0.011519893,3,2
0.0121523,3,2
0.013198251,3,2
0.014511037,3,2
