betapwr,run,side
0.031639872,1,1
0.037015803,1,1
0.042655804,1,1
0.04797193,1,1
0.052504088,1,1
0.055993753,1,1
0.058389052,1,1
0.05978331,1,1
0.060316351,1,1
0.060083434,1,1
0.059093036,1,1
0.057293064,1,1
0.054654884,1,1
0.051278553,1,1
0.047471601,1,1
0.043761344,1,1
0.040823743,1,1
0.039341415,1,1
0.039829482,1,1
0.042481954,1,1
0.047088779,1,1
0.053054695,1,1
0.059520731,1,1
0.065556637,1,1
0.070368394,1,1
0.073458556,1,1
0.07469229,1,1
0.074254516,1,1
0.072521935,1,1
0.069902823,1,1
0.066705344,1,1
0.063078686,1,1
0.059038437,1,1
0.054553209,1,1
0.049648262,1,1
0.044481112,1,1
0.039360928,1,1
0.0347079,1,1
0.030969739,1,1
0.028523458,1,1
0.027591088,1,1
0.028191239,1,1
0.030137764,1,1
0.033084629,1,1
0.036604194,1,1
0.040277577,1,1
0.043774226,1,1
0.046904426,1,1
0.049639875,1,1
0.052106526,1,1
0.054554976,1,1
0.057307827,1,1
0.060678901,1,1
0.064865373,1,1
0.069832623,1,1
0.075232926,1,1
0.080405908,1,1
0.084489033,1,1
0.086623771,1,1
0.086197374,1,1
0.083036789,1,1
0.077484724,1,1
0.070332505,1,1
0.062637037,1,1
0.055484176,1,1
0.049765381,1,1
0.046014732,1,1
0.04432699,1,1
0.044359645,1,1
0.045415603,1,1
0.046599174,1,1
0.047026033,1,1
0.04604701,1,1
0.043427397,1,1
0.039423681,1,1
0.034726237,1,1
0.030281768,1,1
0.027052976,1,1
0.025793683,1,1
0.026905423,1,1
0.030403607,1,1
0.035977472,1,1
0.043099501,1,1
0.051137879,1,1
0.059445954,1,1
0.067429387,1,1
0.074606748,1,1
0.080673453,1,1
0.08555784,1,1
0.089439025,1,1
0.09269701,1,1
0.095791743,1,1
0.099107139,1,1
0.102824244,1,1
0.1068845,1,1
0.111067271,1,1
0.11515402,1,1
0.119111809,1,1
0.123219496,1,1
0.128080614,1,1
0.134503165,1,1
0.143263976,1,1
0.154808477,1,1
0.168966207,1,1
0.184782419,1,1
0.200560216,1,1
0.214157841,1,1
0.223494032,1,1
0.227113647,1,1
0.22460979,1,1
0.216729031,1,1
0.205102632,1,1
0.191699052,1,1
0.178208079,1,1
0.165588818,1,1
0.153935226,1,1
0.142676185,1,1
0.130997852,1,1
0.118307641,1,1
0.104569407,1,1
0.090409804,1,1
0.076987561,1,1
0.0656937,1,1
0.057790205,1,1
0.054095423,1,1
0.054797126,1,1
0.059432744,1,1
0.067031972,1,1
0.076376782,1,1
0.086303813,1,1
0.095961362,1,1
0.104944876,1,1
0.113272414,1,1
0.12121614,1,1
0.129058063,1,1
0.136865634,1,1
0.144371967,1,1
0.151000008,1,1
0.156010869,1,1
0.158711446,1,1
0.158644643,1,1
0.155707881,1,1
0.150184528,1,1
0.142704465,1,1
0.134159107,1,1
0.125585369,1,1
0.118019256,1,1
0.11232053,1,1
0.108989753,1,1
0.108024996,1,1
0.108875931,1,1
0.110533494,1,1
0.111747887,1,1
0.111317904,1,1
0.108366393,1,1
0.102523999,1,1
0.093980357,1,1
0.083408173,1,1
0.071799764,1,1
0.060267552,1,1
0.049853739,1,1
0.041380709,1,1
0.035360939,1,1
0.031974139,1,1
0.031106841,1,1
0.032434833,1,1
0.035516899,1,1
0.039867373,1,1
0.04498912,1,1
0.050372528,1,1
0.05548729,1,1
0.059799045,1,1
0.062827857,1,1
0.064237403,1,1
0.063918647,1,1
0.06202489,1,1
0.058932119,1,1
0.055131721,1,1
0.051094847,1,1
0.047161814,1,1
0.043498184,1,1
0.040127691,1,1
0.037017171,1,1
0.034167578,1,1
0.03166726,1,1
0.02968555,1,1
0.02841397,1,1
0.02798449,1,1
0.028401135,1,1
0.029512723,1,1
0.031037126,1,1
0.032628945,1,1
0.033968506,1,1
0.034843664,1,1
0.035197976,1,1
0.035129252,1,1
0.034839085,1,1
0.034551512,1,1
0.034430628,1,1
0.034526826,1,1
0.034768787,1,1
0.034998909,1,1
0.035032969,1,1
0.034718527,1,1
0.033972741,1,1
0.032793918,1,1
0.031253512,1,1
0.029479811,1,1
0.027640366,1,1
0.025922469,1,1
0.024506579,1,1
0.02353063,1,1
0.02305172,1,1
0.023019744,1,1
0.02327849,1,1
0.023601456,1,1
0.023755436,1,1
0.023572061,1,1
0.023002498,1,1
0.02213603,1,1
0.021176498,1,1
0.020385674,1,1
0.020013541,1,1
0.020238503,1,1
0.021135597,1,1
0.022679902,1,1
0.024779334,1,1
0.027320084,1,1
0.030203297,1,1
0.033355784,1,1
0.036710193,1,1
0.040166072,1,1
0.043555062,1,1
0.046633827,1,1
0.049115829,1,1
0.050733289,1,1
0.051304216,1,1
0.050775652,1,1
0.049225547,1,1
0.046825765,1,1
0.043786589,1,1
0.040309408,1,1
0.036566724,1,1
0.032712442,1,1
0.02890982,1,1
0.025356959,1,1
0.022292769,1,1
0.019976868,1,1
0.018648559,1,1
0.018477647,1,1
0.019520964,1,1
0.021694736,1,1
0.024767847,1,1
0.028377583,1,1
0.032067998,1,1
0.03534944,1,1
0.03777358,1,1
0.039011326,1,1
0.038914517,1,1
0.037541555,1,1
0.035135339,1,1
0.032057567,1,1
0.028699918,1,1
0.025401517,1,1
0.022398116,1,1
0.019813281,1,1
0.017683315,1,1
0.015995253,1,1
0.014717018,1,1
0.013809429,1,1
0.013223869,1,1
0.012898285,1,1
0.012763009,1,1
0.012758554,1,1
0.012856939,1,1
0.013073431,1,1
0.013459731,1,1
0.014079777,1,1
0.014978904,1,1
0.016160688,1,1
0.017581703,1,1
0.019165794,1,1
0.02083112,1,1
0.02251897,1,1
0.024213871,1,1
0.02594808,1,1
0.027788126,1,1
0.029805558,1,1
0.032038417,1,1
0.03445399,1,1
0.036925685,1,1
0.039235266,1,1
0.041105014,1,1
0.042254173,1,1
0.042464179,1,1
0.041632599,1,1
0.039798978,1,1
0.037135863,1,1
0.033910592,1,1
0.03043241,1,1
0.027001657,1,1
0.02387312,1,1
0.021237631,1,1
0.019218666,1,1
0.017877176,1,1
0.017218388,1,1
0.017197263,1,1
0.017722574,1,1
0.018661727,1,1
0.019849185,1,1
0.021100831,1,1
0.022235003,1,1
0.02309841,1,1
0.023592089,1,1
0.023690207,1,1
0.023444211,1,1
0.02296772,1,1
0.022403412,1,1
0.021880161,1,1
0.021473859,1,1
0.021185832,1,1
0.020947303,1,1
0.020648599,1,1
0.02018182,1,1
0.019480303,1,1
0.018540248,1,1
0.017418478,1,1
0.016210894,1,1
0.015023337,1,1
0.013947031,1,1
0.013045248,1,1
0.012350462,1,1
0.011866596,1,1
0.011571282,1,1
0.011417065,1,1
0.01133468,1,1
0.011242537,1,1
0.011063597,1,1
0.0107458,1,1
0.010278459,1,1
0.009697163,1,1
0.009074004,1,1
0.008496179,1,1
0.008041116,1,1
0.007757568,1,1
0.007659107,1,1
0.007730653,1,1
0.007942854,1,1
0.008266213,1,1
0.008677937,1,1
0.009159043,1,1
0.009684812,1,1
0.010215475,1,1
0.010694079,1,1
0.011054938,1,1
0.011240766,1,1
0.011222162,1,1
0.011011553,1,1
0.010665482,1,1
0.01027319,1,1
0.009934025,1,1
0.009729819,1,1
0.009700173,1,1
0.009828217,1,1
0.010041995,1,1
0.01023242,1,1
0.010283807,1,1
0.010108679,1,1
0.009676641,1,1
0.009028541,1,1
0.008271461,1,1
0.00755586,1,1
0.007041255,1,1
0.006859773,1,1
0.007087144,1,1
0.007728605,1,1
0.008723284,1,1
0.009965554,1,1
0.011336536,1,1
0.012734902,1,1
0.014095405,1,1
0.015387717,1,1
0.016596529,1,1
0.017693359,1,1
0.018616139,1,1
0.019270426,1,1
0.019555906,1,1
0.019408178,1,1
0.018836031,1,1
0.017934444,1,1
0.016864135,1,1
0.015804454,1,1
0.014899352,1,1
0.01421938,1,1
0.013754693,1,1
0.013439524,1,1
0.013194826,1,1
0.012969206,1,1
0.012760996,1,1
0.012613947,1,1
0.012590827,1,1
0.012737955,1,1
0.013056481,1,1
0.013492593,1,1
0.013950723,1,1
0.014324578,1,1
0.014533919,1,1
0.014552794,1,1
0.01441814,1,1
0.014214925,1,1
0.0140427,1,1
0.013975439,1,1
0.014029317,1,1
0.014150616,1,1
0.01422888,1,1
0.014131336,1,1
0.013746692,1,1
0.013023058,1,1
0.011987104,1,1
0.010738909,1,1
0.00942588,1,1
0.008205972,1,1
0.007212476,1,1
0.006529798,1,1
0.006184057,1,1
0.006147024,1,1
0.006349091,1,1
0.006696884,1,1
0.007092499,1,1
0.007452346,1,1
0.007723402,1,1
0.007893675,1,1
0.007993354,1,1
0.008084573,1,1
0.008241207,1,1
0.008524276,1,1
0.008961435,1,1
0.009538654,1,1
0.010208129,1,1
0.010909879,1,1
0.011598224,1,1
0.01226134,1,1
0.012924319,1,1
0.013632945,1,1
0.014424081,1,1
0.015295016,1,1
0.016185265,1,1
0.016979463,1,1
0.017531378,1,1
0.017700757,1,1
0.017390483,1,1
0.016572727,1,1
0.015298117,1,1
0.013688123,1,1
0.011914986,1,1
0.010174589,1,1
0.008656614,1,1
0.007515353,1,1
0.006844677,1,1
0.006661841,1,1
0.006905195,1,1
0.007449252,1,1
0.008136353,1,1
0.008818873,1,1
0.009401352,1,1
0.009870238,1,1
0.010300706,1,1
0.010835452,1,1
0.011638163,1,1
0.012833086,1,1
0.014448945,1,1
0.016387498,1,1
0.018431603,1,1
0.020294946,1,1
0.021699367,1,1
0.022452966,1,1
0.022499859,1,1
0.021923053,1,1
0.020901556,1,1
0.01964214,1,1
0.018315557,1,1
0.017021987,1,1
0.015794248,1,1
0.014628957,1,1
0.013524796,1,1
0.012507968,1,1
0.01163547,1,1
0.010979934,1,1
0.010608107,1,1
0.010565228,1,1
0.010871,1,1
0.011524526,1,1
0.012510283,1,1
0.013797413,1,1
0.015329635,1,1
0.017009978,1,1
0.018689904,1,1
0.020173348,1,1
0.02124195,1,1
0.021699299,1,1
0.021422695,1,1
0.020404917,1,1
0.018769336,1,1
0.016749956,1,1
0.014640663,1,1
0.01272966,1,1
0.011240311,1,1
0.010296188,1,1
0.009917863,1,1
0.010046732,1,1
0.010582542,1,1
0.011419115,1,1
0.0124671,1,1
0.013660169,1,1
0.014948365,1,1
0.016286435,1,1
0.017625261,1,1
0.018911577,1,1
0.020096518,1,1
0.021148826,1,1
0.022065269,1,1
0.022870697,1,1
0.023603947,1,1
0.024292744,1,1
0.024927821,1,1
0.025449731,1,1
0.025758303,1,1
0.025745145,1,1
0.025338186,1,1
0.024539931,1,1
0.023441807,1,1
0.022205877,1,1
0.021018238,1,1
0.0200299,1,1
0.019306312,1,1
0.018803914,1,1
0.018382701,1,1
0.01785121,1,1
0.017029193,1,1
0.015807366,1,1
0.014185041,1,1
0.012274478,1,1
0.010272199,1,1
0.008408011,1,1
0.006888399,1,1
0.005850845,1,1
0.005340508,1,1
0.005313172,1,1
0.005660994,1,1
0.006252273,1,1
0.006973867,1,1
0.007765007,1,1
0.008633766,1,1
0.009651852,1,1
0.010928768,1,1
0.012571836,1,1
0.014642569,1,1
0.017121471,1,1
0.019891687,1,1
0.022747138,1,1
0.025423941,1,1
0.0276471,1,1
0.029180046,1,1
0.029864404,1,1
0.029641379,1,1
0.028552602,1,1
0.026724265,1,1
0.024341603,1,1
0.021620543,1,1
0.018780946,1,1
0.016023278,1,1
0.013509395,1,1
0.011348523,1,1
0.009590389,1,1
0.008227562,1,1
0.007207473,1,1
0.006451886,1,1
0.005878922,1,1
0.005421611,1,1
0.005038172,1,1
0.004712429,1,1
0.004446559,1,1
0.004251038,1,1
0.004136878,1,1
0.004113155,1,1
0.004189387,1,1
0.004379382,1,1
0.004702067,1,1
0.005176087,1,1
0.005808125,1,1
0.006578625,1,1
0.007431188,1,1
0.008272155,1,1
0.008983964,1,1
0.009450793,1,1
0.009589483,1,1
0.00937549,1,1
0.008854353,1,1
0.008133878,1,1
0.007359094,1,1
0.006677878,1,1
0.00620766,1,1
0.00601215,1,1
0.0060928,1,1
0.006395031,1,1
0.00682579,1,1
0.007277442,1,1
0.007652778,1,1
0.007886266,1,1
0.00795736,1,1
0.007892967,1,1
0.007758513,1,1
0.007640225,1,1
0.007624136,1,1
0.007778387,1,1
0.008143724,1,1
0.008733234,1,1
0.009538253,1,1
0.010535248,1,1
0.011689468,1,1
0.012954521,1,1
0.01427048,1,1
0.015564648,1,1
0.016757768,1,1
0.01777546,1,1
0.018561806,1,1
0.01909077,1,1
0.019371769,1,1
0.01944727,1,1
0.019382103,1,1
0.019245901,1,1
0.019092126,1,1
0.01893936,1,1
0.018761967,1,1
0.018496263,1,1
0.018064136,1,1
0.017409433,1,1
0.01653596,1,1
0.015532774,1,1
0.01457466,1,1
0.013892922,1,1
0.013721609,1,1
0.014233282,1,1
0.015483299,1,1
0.01738039,1,1
0.019694202,1,1
0.022099635,1,1
0.024246595,1,1
0.025835983,1,1
0.026681032,1,1
0.026738014,1,1
0.026100092,1,1
0.024959132,1,1
0.023548889,1,1
0.022086668,1,1
0.020728836,1,1
0.019549765,1,1
0.018546127,1,1
0.017661188,1,1
0.016818718,1,1
0.01595442,1,1
0.01503505,1,1
0.014060901,1,1
0.013054458,1,1
0.01204378,1,1
0.011050989,1,1
0.010092786,1,1
0.009192707,1,1
0.008397266,1,1
0.007784325,1,1
0.007454343,1,1
0.007503042,1,1
0.007983837,1,1
0.008875339,1,1
0.010069496,1,1
0.011388712,1,1
0.012628373,1,1
0.013609899,1,1
0.014224207,1,1
0.014449137,1,1
0.014335693,1,1
0.01397158,1,1
0.013440033,1,1
0.012792554,1,1
0.012045889,1,1
0.011200814,1,1
0.010269677,1,1
0.009296369,1,1
0.008357498,1,1
0.007543654,1,1
0.006929486,1,1
0.006546185,1,1
0.00636844,1,1
0.006321539,1,1
0.006306292,1,1
0.006232975,1,1
0.006052608,1,1
0.005774908,1,1
0.0054667,1,1
0.005230921,1,1
0.005172797,1,1
0.005364215,1,1
0.005818303,1,1
0.006483005,1,1
0.007256067,1,1
0.008016382,1,1
0.008660928,1,1
0.009134711,1,1
0.009443956,1,1
0.009649028,1,1
0.009840807,1,1
0.01010953,1,1
0.010516814,1,1
0.011079316,1,1
0.011767647,1,1
0.012518846,1,1
0.013256746,1,1
0.0139131,1,1
0.014443223,1,1
0.014832478,1,1
0.015093008,1,1
0.015252853,1,1
0.015341379,1,1
0.015375577,1,1
0.015351298,1,1
0.015242019,1,1
0.015005652,1,1
0.014597631,1,1
0.013986669,1,1
0.013168566,1,1
0.012173685,1,1
0.011065096,1,1
0.009926959,1,1
0.008845738,1,1
0.007889577,1,1
0.007092526,1,1
0.006449297,1,1
0.00592289,1,1
0.005462766,1,1
0.005027044,1,1
0.004600516,1,1
0.004201715,1,1
0.003876513,1,1
0.003680802,1,1
0.003658764,1,1
0.003824667,1,1
0.004154588,1,1
0.004590772,1,1
0.005056803,1,1
0.005477972,1,1
0.00579954,1,1
0.005996628,1,1
0.006073018,1,1
0.006050766,1,1
0.005956211,1,1
0.005809065,1,1
0.005619164,1,1
0.005391242,1,1
0.005133938,1,1
0.004867217,1,1
0.004623411,1,1
0.004440487,1,1
0.004350092,1,1
0.004365449,1,1
0.004474351,1,1
0.004640331,1,1
0.004811946,1,1
0.00493715,1,1
0.004978256,1,1
0.004923024,1,1
0.004788797,1,1
0.004618594,1,1
0.004470126,1,1
0.00440041,1,1
0.004449846,1,1
0.004630047,1,1
0.004919024,1,1
0.005265547,1,1
0.005601777,1,1
0.005860607,1,1
0.00599254,1,1
0.005977204,1,1
0.005826805,1,1
0.005581811,1,1
0.005301778,1,1
0.005055022,1,1
0.004909814,1,1
0.004927548,1,1
0.005156451,1,1
0.00562404,1,1
0.006328159,1,1
0.007229053,1,1
0.008246998,1,1
0.009269762,1,1
0.010171208,1,1
0.010837691,1,1
0.011194794,1,1
0.011225718,1,1
0.010974993,1,1
0.01053628,1,1
0.010028377,1,1
0.00956694,1,1
0.009239772,1,1
0.009091357,1,1
0.009118931,1,1
0.00927922,1,1
0.009502746,1,1
0.009711483,1,1
0.009835796,1,1
0.009827687,1,1
0.009669225,1,1
0.009376568,1,1
0.009000413,1,1
0.008622754,1,1
0.008348292,1,1
0.008288433,1,1
0.008537754,1,1
0.009146804,1,1
0.010099102,1,1
0.011301532,1,1
0.012594344,1,1
0.01378059,1,1
0.014667649,1,1
0.01510903,1,1
0.015034763,1,1
0.014462975,1,1
0.013491568,1,1
0.012274394,1,1
0.010989374,1,1
0.009806201,1,1
0.008859585,1,1
0.008231576,1,1
0.007944225,1,1
0.007962158,1,1
0.008203475,1,1
0.008556618,1,1
0.008900468,1,1
0.009124662,1,1
0.009147192,1,1
0.008926613,1,1
0.008466824,1,1
0.007813517,1,1
0.007042895,1,1
0.006244949,1,1
0.005505126,1,1
0.004888851,1,1
0.004432813,1,1
0.00414488,1,1
0.004011605,1,1
0.004009481,1,1
0.004114875,1,1
0.004308634,1,1
0.004574583,1,1
0.004894968,1,1
0.005248151,1,1
0.005612961,1,1
0.005979976,1,1
0.006364696,1,1
0.006814065,1,1
0.007398794,1,1
0.046919024,2,1
0.050011874,2,1
0.050854132,2,1
0.049400064,2,1
0.046039801,2,1
0.041494785,2,1
0.036621256,2,1
0.032189071,2,1
0.028713402,2,1
0.026394833,2,1
0.025177822,2,1
0.024888284,2,1
0.025379854,2,1
0.026618999,2,1
0.028671063,2,1
0.031598017,2,1
0.035321982,2,1
0.039526691,2,1
0.043653702,2,1
0.047008447,2,1
0.048942647,2,1
0.049046018,2,1
0.047275978,2,1
0.043978901,2,1
0.039797458,2,1
0.035497472,2,1
0.031770237,2,1
0.029067661,2,1
0.02751206,2,1
0.02689815,2,1
0.026779554,2,1
0.026611336,2,1
0.0259076,2,1
0.024372086,2,1
0.021971265,2,1
0.01894042,2,1
0.015735533,2,1
0.012957258,2,1
0.011271364,2,1
0.011334832,2,1
0.01371905,2,1
0.018814721,2,1
0.026715182,2,1
0.037101726,2,1
0.04918056,2,1
0.061726945,2,1
0.07326639,2,1
0.082370895,2,1
0.087992401,2,1
0.089724546,2,1
0.087897387,2,1
0.083466275,2,1
0.077731978,2,1
0.07199,2,1
0.06722611,2,1
0.063946484,2,1
0.062171556,2,1
0.061561861,2,1
0.061607133,2,1
0.061806627,2,1
0.061791945,2,1
0.061376678,2,1
0.060544078,2,1
0.059397108,2,1
0.05809542,2,1
0.056797191,2,1
0.055615951,2,1
0.054596999,2,1
0.053715105,2,1
0.052893669,2,1
0.052043137,2,1
0.051111487,2,1
0.050132052,2,1
0.049247486,2,1
0.048689208,2,1
0.048704245,2,1
0.049444606,2,1
0.050858599,2,1
0.052634651,2,1
0.054235936,2,1
0.055030145,2,1
0.054477775,2,1
0.052314849,2,1
0.048666079,2,1
0.044051653,2,1
0.039290773,2,1
0.035338603,2,1
0.033107793,2,1
0.033319845,2,1
0.036413146,2,1
0.042513136,2,1
0.05145226,2,1
0.06281634,2,1
0.075991866,2,1
0.090197486,2,1
0.104501875,2,1
0.117851961,2,1
0.129148095,2,1
0.137395099,2,1
0.141928247,2,1
0.142671147,2,1
0.140346122,2,1
0.136544147,2,1
0.133579905,2,1
0.134107417,2,1
0.140543048,2,1
0.15441809,2,1
0.175838526,2,1
0.203238698,2,1
0.233560052,2,1
0.262869094,2,1
0.287282308,2,1
0.303944213,2,1
0.31176179,2,1
0.311660342,2,1
0.306275045,2,1
0.299173693,2,1
0.293851271,2,1
0.292795274,2,1
0.296879107,2,1
0.305224039,2,1
0.315525134,2,1
0.324711066,2,1
0.329734396,2,1
0.328279233,2,1
0.31922028,2,1
0.302751384,2,1
0.280196969,2,1
0.253599717,2,1
0.225221804,2,1
0.197096422,2,1
0.170727319,2,1
0.146975013,2,1
0.126111264,2,1
0.107984955,2,1
0.092228972,2,1
0.078445504,2,1
0.066328419,2,1
0.055707585,2,1
0.046524679,2,1
0.038767903,2,1
0.032400385,2,1
0.027312805,2,1
0.023317272,2,1
0.020182251,2,1
0.017693737,2,1
0.015720133,2,1
0.014258562,2,1
0.013446822,2,1
0.013534978,2,1
0.014820798,2,1
0.017561818,2,1
0.021882615,2,1
0.027698278,2,1
0.034674032,2,1
0.042236205,2,1
0.049640753,2,1
0.056092293,2,1
0.060890789,2,1
0.063569617,2,1
0.063984533,2,1
0.062323533,2,1
0.05903228,2,1
0.054679894,2,1
0.049812191,2,1
0.044842366,2,1
0.040010657,2,1
0.03541375,2,1
0.031076903,2,1
0.027029818,2,1
0.023354599,2,1
0.0201936,2,1
0.017724735,2,1
0.016122243,2,1
0.015519867,2,1
0.01598541,2,1
0.017507691,2,1
0.019993534,2,1
0.023273435,2,1
0.027116699,2,1
0.031256953,2,1
0.035426076,2,1
0.039390659,2,1
0.042982623,2,1
0.046116095,2,1
0.048785733,2,1
0.051046003,2,1
0.052975276,2,1
0.054632513,2,1
0.056017459,2,1
0.057046871,2,1
0.057557677,2,1
0.05734176,2,1
0.056206732,2,1
0.054045772,2,1
0.05089271,2,1
0.04694063,2,1
0.042514599,2,1
0.038007288,2,1
0.033801736,2,1
0.030209916,2,1
0.027445732,2,1
0.025631493,2,1
0.024818965,2,1
0.025000903,2,1
0.026100472,2,1
0.027947469,2,1
0.030267503,2,1
0.032710532,2,1
0.034925469,2,1
0.03665827,2,1
0.037829727,2,1
0.038550778,2,1
0.039059478,2,1
0.03960184,2,1
0.040308167,2,1
0.04112065,2,1
0.041804334,2,1
0.042034541,2,1
0.041519774,2,1
0.040106835,2,1
0.037828471,2,1
0.034883944,2,1
0.031572719,2,1
0.028216418,2,1
0.025099696,2,1
0.022442566,2,1
0.020397265,2,1
0.019052717,2,1
0.018432905,2,1
0.018487642,2,1
0.019086013,2,1
0.020026317,2,1
0.021069276,2,1
0.021988249,2,1
0.022619409,2,1
0.022892779,2,1
0.022832963,2,1
0.022531851,2,1
0.022107394,2,1
0.021667067,2,1
0.021290404,2,1
0.021034457,2,1
0.020954338,2,1
0.02112311,2,1
0.021634666,2,1
0.022580535,2,1
0.024004281,2,1
0.02585018,2,1
0.027930111,2,1
0.029929695,2,1
0.031461798,2,1
0.032157225,2,1
0.0317668,2,1
0.030242883,2,1
0.027774494,2,1
0.024765395,2,1
0.021761967,2,1
0.019350347,2,1
0.018046536,2,1
0.018200268,2,1
0.019927388,2,1
0.023080259,2,1
0.027262106,2,1
0.03188705,2,1
0.036280336,2,1
0.039802821,2,1
0.041973893,2,1
0.042563221,2,1
0.041627618,2,1
0.039483973,2,1
0.036627149,2,1
0.033615973,2,1
0.03095647,2,1
0.029008543,2,1
0.027933391,2,1
0.027687844,2,1
0.028061468,2,1
0.028744044,2,1
0.029405721,2,1
0.029770535,2,1
0.029667079,2,1
0.029047748,2,1
0.027978288,2,1
0.026608273,2,1
0.025136824,2,1
0.023784444,2,1
0.02277324,2,1
0.022309377,2,1
0.022558656,2,1
0.023611162,2,1
0.025441382,2,1
0.02787959,2,1
0.030612336,2,1
0.033222082,2,1
0.035261515,2,1
0.036343852,2,1
0.03622337,2,1
0.034843612,2,1
0.032342365,2,1
0.029016879,2,1
0.02526396,2,1
0.021513325,2,1
0.018169059,2,1
0.015566073,2,1
0.01394095,2,1
0.013413135,2,1
0.013974003,2,1
0.015485734,2,1
0.017695274,2,1
0.020267858,2,1
0.022839373,2,1
0.025079693,2,1
0.02675365,2,1
0.027764938,2,1
0.028171248,2,1
0.02816482,2,1
0.028020018,2,1
0.028017496,2,1
0.028362304,2,1
0.029118609,2,1
0.030183329,2,1
0.031312007,2,1
0.032193486,2,1
0.032550978,2,1
0.032234808,2,1
0.031273274,2,1
0.029863719,2,1
0.028309133,2,1
0.026925734,2,1
0.025955131,2,1
0.025508737,2,1
0.025556993,2,1
0.025959712,2,1
0.026522836,2,1
0.02706274,2,1
0.027460103,2,1
0.02768898,2,1
0.027812422,2,1
0.027944455,2,1
0.028189108,2,1
0.028577224,2,1
0.029025887,2,1
0.029339497,2,1
0.029256424,2,1
0.028526793,2,1
0.026993677,2,1
0.024648383,2,1
0.021641212,2,1
0.018246812,2,1
0.014799498,2,1
0.011621901,2,1
0.008968072,2,1
0.006992668,2,1
0.00574684,2,1
0.005193703,2,1
0.005233565,2,1
0.005730419,2,1
0.006534383,2,1
0.007497994,2,1
0.008486894,2,1
0.009387277,2,1
0.010112982,2,1
0.010613798,2,1
0.010883561,2,1
0.010963558,2,1
0.010935881,2,1
0.010904249,2,1
0.010965608,2,1
0.011181411,2,1
0.011559374,2,1
0.012052883,2,1
0.01257789,2,1
0.013039888,2,1
0.013360454,2,1
0.013495102,2,1
0.013439909,2,1
0.013229654,2,1
0.012932004,2,1
0.012640154,2,1
0.012462684,2,1
0.01250771,2,1
0.01286059,2,1
0.013559632,2,1
0.014578912,2,1
0.015827695,2,1
0.017170434,2,1
0.01846209,2,1
0.019585391,2,1
0.020474697,2,1
0.021117224,2,1
0.021533782,2,1
0.021751736,2,1
0.021786485,2,1
0.021641908,2,1
0.021328145,2,1
0.020883793,2,1
0.020385834,2,1
0.019936914,2,1
0.019632386,2,1
0.019521337,2,1
0.019580034,2,1
0.019710626,2,1
0.019766186,2,1
0.019592053,2,1
0.019068275,2,1
0.018140326,2,1
0.016832041,2,1
0.015241512,2,1
0.013524286,2,1
0.011868534,2,1
0.010465795,2,1
0.009480479,2,1
0.009021914,2,1
0.009123705,2,1
0.00973498,2,1
0.01072644,2,1
0.011911284,2,1
0.013077887,2,1
0.014028264,2,1
0.014614445,2,1
0.014764446,2,1
0.014491489,2,1
0.013884528,2,1
0.013083892,2,1
0.012250499,2,1
0.011538003,2,1
0.011073715,2,1
0.010948203,2,1
0.011209144,2,1
0.011855264,2,1
0.012830995,2,1
0.014027855,2,1
0.01529951,2,1
0.01649181,2,1
0.017479516,2,1
0.018194494,2,1
0.018631588,2,1
0.01882878,2,1
0.018832025,2,1
0.018663683,2,1
0.01831125,2,1
0.017741241,2,1
0.016929068,2,1
0.015888005,2,1
0.014683097,2,1
0.013426202,2,1
0.012258947,2,1
0.011334301,2,1
0.010803063,2,1
0.010802967,2,1
0.011442334,2,1
0.012772173,2,1
0.01475005,2,1
0.017210135,2,1
0.019859054,2,1
0.022311654,2,1
0.024165528,2,1
0.025095012,2,1
0.024933617,2,1
0.023714963,2,1
0.021656803,2,1
0.019094186,2,1
0.016386688,2,1
0.013832631,2,1
0.011617497,2,1
0.009807894,2,1
0.008383989,2,1
0.007290189,2,1
0.006480573,2,1
0.005942024,2,1
0.005690035,2,1
0.005744228,2,1
0.006098006,2,1
0.006697391,2,1
0.007438771,2,1
0.008186951,2,1
0.008806802,2,1
0.009197107,2,1
0.009314978,2,1
0.009183257,2,1
0.008879639,2,1
0.008512354,2,1
0.008190886,2,1
0.008000548,2,1
0.0079873,2,1
0.008155629,2,1
0.00847896,2,1
0.00891972,2,1
0.009454317,2,1
0.010096616,2,1
0.01091195,2,1
0.012013701,2,1
0.01353736,2,1
0.015593685,2,1
0.018211728,2,1
0.02129069,2,1
0.024582156,2,1
0.027717956,2,1
0.030283852,2,1
0.031920463,2,1
0.032418579,2,1
0.03177417,2,1
0.030181886,2,1
0.027969934,2,1
0.025503186,2,1
0.023093337,2,1
0.020948776,2,1
0.01917564,2,1
0.01781643,2,1
0.016896651,2,1
0.016451024,2,1
0.016517186,2,1
0.017106372,2,1
0.01817484,2,1
0.019618836,2,1
0.021300922,2,1
0.023095676,2,1
0.024930121,2,1
0.026796413,2,1
0.028730153,2,1
0.030768049,2,1
0.032911199,2,1
0.035117174,2,1
0.037326081,2,1
0.039503075,2,1
0.041665807,2,1
0.043869897,2,1
0.046148224,2,1
0.048429327,2,1
0.050479709,2,1
0.051911383,2,1
0.052268901,2,1
0.051171836,2,1
0.048459371,2,1
0.044278746,2,1
0.039081415,2,1
0.033527878,2,1
0.028335642,2,1
0.024120254,2,1
0.021274015,2,1
0.019908348,2,1
0.019865006,2,1
0.020785194,2,1
0.022215354,2,1
0.023722042,2,1
0.024986073,2,1
0.025851098,2,1
0.026316056,2,1
0.026481522,2,1
0.026477672,2,1
0.026406433,2,1
0.026318649,2,1
0.02622526,2,1
0.026122844,2,1
0.026009674,2,1
0.025880673,2,1
0.025708914,2,1
0.025434045,2,1
0.024975188,2,1
0.024269389,2,1
0.023317724,2,1
0.022212435,2,1
0.021126031,2,1
0.020262776,2,1
0.019792966,2,1
0.019799503,2,1
0.020259743,2,1
0.021067778,2,1
0.022082913,2,1
0.023179324,2,1
0.024274299,2,1
0.025325845,2,1
0.026307096,2,1
0.027176326,2,1
0.027862186,2,1
0.028274556,2,1
0.02833743,2,1
0.028028607,2,1
0.027406891,2,1
0.026612106,2,1
0.025834004,2,1
0.025258327,2,1
0.025007567,2,1
0.025097366,2,1
0.025425758,2,1
0.025802328,2,1
0.026010216,2,1
0.02588054,2,1
0.025351617,2,1
0.024488948,2,1
0.02345649,2,1
0.022450192,2,1
0.021621904,2,1
0.021026735,2,1
0.020616228,2,1
0.020278052,2,1
0.019900966,2,1
0.019432903,2,1
0.018905598,2,1
0.018417561,2,1
0.018088045,2,1
0.018006894,2,1
0.018203163,2,1
0.018642114,2,1
0.019244322,2,1
0.019911248,2,1
0.020543126,2,1
0.0210445,2,1
0.021323373,2,1
0.021294673,2,1
0.020895242,2,1
0.020108501,2,1
0.01898837,2,1
0.017669125,2,1
0.016352287,2,1
0.015270726,2,1
0.014639255,2,1
0.014605838,2,1
0.015216807,2,1
0.016404559,2,1
0.017999736,2,1
0.019764125,2,1
0.02143655,2,1
0.0227818,2,1
0.0236324,2,1
0.023914886,2,1
0.023656163,2,1
0.02297056,2,1
0.022032506,2,1
0.021041955,2,1
0.020189517,2,1
0.019626961,2,1
0.019447588,2,1
0.019679891,2,1
0.020295902,2,1
0.021231455,2,1
0.022410345,2,1
0.02376125,2,1
0.025218742,2,1
0.026708497,2,1
0.0281279,2,1
0.029339771,2,1
0.030193156,2,1
0.030570934,2,1
0.03044632,2,1
0.029919508,2,1
0.029209611,2,1
0.02859562,2,1
0.028324571,2,1
0.028522655,2,1
0.029146025,2,1
0.029991728,2,1
0.030763836,2,1
0.03116804,2,1
0.030999426,2,1
0.030195025,2,1
0.028839463,2,1
0.027129836,2,1
0.025317373,2,1
0.023646253,2,1
0.022305738,2,1
0.021404558,2,1
0.020968996,2,1
0.020960113,2,1
0.021301405,2,1
0.021906397,2,1
0.022696869,2,1
0.023606523,2,1
0.024570939,2,1
0.025510453,2,1
0.026315874,2,1
0.026846438,2,1
0.026945132,2,1
0.026469975,2,1
0.025333248,2,1
0.023536255,2,1
0.021186859,2,1
0.01849129,2,1
0.015719567,2,1
0.013152645,2,1
0.011025753,2,1
0.009483763,2,1
0.008560183,2,1
0.008183371,2,1
0.00820501,2,1
0.008440216,2,1
0.008707433,2,1
0.008859267,2,1
0.008800461,2,1
0.008493739,2,1
0.007956571,2,1
0.007251874,2,1
0.006474458,2,1
0.005734215,2,1
0.005137438,2,1
0.004768893,2,1
0.004678164,2,1
0.00487341,2,1
0.005323801,2,1
0.005969515,2,1
0.006736205,2,1
0.007550228,2,1
0.008351409,2,1
0.00910119,2,1
0.009785037,2,1
0.010408732,2,1
0.010988934,2,1
0.011539606,2,1
0.012057572,2,1
0.012511994,2,1
0.012842746,2,1
0.012970623,2,1
0.012818118,2,1
0.012334811,2,1
0.011518578,2,1
0.010424714,2,1
0.009159558,2,1
0.007861159,2,1
0.006673899,2,1
0.005724769,2,1
0.005106521,2,1
0.004869082,2,1
0.005017894,2,1
0.005517143,2,1
0.006296661,2,1
0.007262081,2,1
0.008307773,2,1
0.009331303,2,1
0.01024742,2,1
0.01099948,2,1
0.011566535,2,1
0.011964649,2,1
0.012241179,2,1
0.012461479,2,1
0.012689579,2,1
0.012967508,2,1
0.013300454,2,1
0.01365454,2,1
0.013969522,2,1
0.014181746,2,1
0.014247106,2,1
0.014153181,2,1
0.013915329,2,1
0.013560303,2,1
0.01310779,2,1
0.012561022,2,1
0.011911744,2,1
0.011156136,2,1
0.010311897,2,1
0.009426183,2,1
0.008569288,2,1
0.007816446,2,1
0.007225803,2,1
0.00682185,2,1
0.006590649,2,1
0.00648809,2,1
0.006457732,2,1
0.006452006,2,1
0.006450137,2,1
0.006467535,2,1
0.006554004,2,1
0.006781353,2,1
0.007224186,2,1
0.007939802,2,1
0.008953325,2,1
0.010251934,2,1
0.01178803,2,1
0.013487417,2,1
0.015257174,2,1
0.016990144,2,1
0.018567508,2,1
0.019864821,2,1
0.020766821,2,1
0.021191452,2,1
0.021116212,2,1
0.020594973,2,1
0.019754535,2,1
0.018767841,2,1
0.017811051,2,1
0.017019041,2,1
0.016454424,2,1
0.016099162,2,1
0.015868818,2,1
0.015642239,2,1
0.015296475,2,1
0.014737885,2,1
0.013923449,2,1
0.012869324,2,1
0.011645907,2,1
0.010360606,2,1
0.009131751,2,1
0.008059632,2,1
0.007202434,2,1
0.006564752,2,1
0.006103533,2,1
0.005751054,2,1
0.005448334,2,1
0.005177494,2,1
0.00498028,2,1
0.0049535,2,1
0.005219864,2,1
0.005882145,2,1
0.006975922,2,1
0.008438304,2,1
0.010105535,2,1
0.01174268,2,1
0.013097436,2,1
0.013961797,2,1
0.014223196,2,1
0.013891203,2,1
0.013094554,2,1
0.012052104,2,1
0.011026905,2,1
0.010273753,2,1
0.009988964,2,1
0.010269297,2,1
0.011086628,2,1
0.012285365,2,1
0.013608105,2,1
0.014749377,2,1
0.015428096,2,1
0.015460112,2,1
0.014808275,2,1
0.013592233,2,1
0.012052982,2,1
0.010483078,2,1
0.009145465,2,1
0.008207071,2,1
0.007706667,2,1
0.007563394,2,1
0.007618699,2,1
0.007695077,2,1
0.007652693,2,1
0.007428814,2,1
0.007052328,2,1
0.006633133,2,1
0.006331661,2,1
0.006316467,2,1
0.006718735,2,1
0.007592657,2,1
0.0088906,2,1
0.010460818,2,1
0.012071848,2,1
0.013460831,2,1
0.014394667,2,1
0.014726517,2,1
0.014429822,2,1
0.013598956,2,1
0.012417597,2,1
0.011107298,2,1
0.009874374,2,1
0.008870895,2,1
0.008177357,2,1
0.007805509,2,1
0.007714031,2,1
0.007828986,2,1
0.008063544,2,1
0.008334559,2,1
0.008575119,2,1
0.071926512,3,1
0.072018675,3,1
0.069939845,3,1
0.065868272,3,1
0.06027397,3,1
0.053801122,3,1
0.047134535,3,1
0.040885704,3,1
0.035518454,3,1
0.031317731,3,1
0.028393915,3,1
0.026710349,3,1
0.026121541,3,1
0.026411508,3,1
0.02732522,3,1
0.028590649,3,1
0.029933784,3,1
0.031092048,3,1
0.031831187,3,1
0.031966992,3,1
0.031388264,3,1
0.03007436,3,1
0.028101137,3,1
0.025632572,3,1
0.022899488,3,1
0.020169521,3,1
0.017713023,3,1
0.015769049,3,1
0.014515197,3,1
0.014045415,3,1
0.014360049,3,1
0.01537152,3,1
0.016926369,3,1
0.018840865,3,1
0.020943862,3,1
0.023118065,3,1
0.025329619,3,1
0.027636268,3,1
0.030167158,3,1
0.033073759,3,1
0.036461085,3,1
0.040318856,3,1
0.044478083,3,1
0.048615046,3,1
0.052310248,3,1
0.055149327,3,1
0.056835131,3,1
0.057273853,3,1
0.056606745,3,1
0.055178249,3,1
0.053452273,3,1
0.051902166,3,1
0.050903133,3,1
0.050650778,3,1
0.051121114,3,1
0.052079413,3,1
0.053137782,3,1
0.053852616,3,1
0.053842295,3,1
0.05289568,3,1
0.051038349,3,1
0.048531252,3,1
0.045795862,3,1
0.043285891,3,1
0.041348111,3,1
0.040123612,3,1
0.039529839,3,1
0.039334894,3,1
0.039298676,3,1
0.039325192,3,1
0.039560583,3,1
0.040388454,3,1
0.042313534,3,1
0.045771849,3,1
0.050940893,3,1
0.057630385,3,1
0.065307618,3,1
0.073259226,3,1
0.080833465,3,1
0.087667824,3,1
0.093804492,3,1
0.099635595,3,1
0.105688399,3,1
0.112331173,3,1
0.119522282,3,1
0.126716966,3,1
0.132987125,3,1
0.137321989,3,1
0.138999151,3,1
0.137881844,3,1
0.134525364,3,1
0.130051466,3,1
0.125840174,3,1
0.123154269,3,1
0.122826682,3,1
0.125103505,3,1
0.129666937,3,1
0.135795682,3,1
0.142582857,3,1
0.149133612,3,1
0.15469687,3,1
0.158725213,3,1
0.160882643,3,1
0.161023354,3,1
0.159153732,3,1
0.155380531,3,1
0.149851256,3,1
0.142704842,3,1
0.134057742,3,1
0.124040218,3,1
0.112871212,3,1
0.100933594,3,1
0.088803931,3,1
0.077210136,3,1
0.06692601,3,1
0.058642098,3,1
0.052859486,3,1
0.049834869,3,1
0.049575602,3,1
0.051862004,3,1
0.05627281,3,1
0.062205357,3,1
0.06890148,3,1
0.075498862,3,1
0.081120231,3,1
0.084994425,3,1
0.08658499,3,1
0.085693265,3,1
0.082506994,3,1
0.077578702,3,1
0.071734044,3,1
0.06592409,3,1
0.061045744,3,1
0.057762272,3,1
0.056361084,3,1
0.056685452,3,1
0.058165804,3,1
0.059952769,3,1
0.061123206,3,1
0.060904267,3,1
0.058852057,3,1
0.054936967,3,1
0.049521213,3,1
0.043250436,3,1
0.036904303,3,1
0.03125284,3,1
0.026949242,3,1
0.024467464,3,1
0.024075701,3,1
0.025831106,3,1
0.02958555,3,1
0.035000887,3,1
0.041578413,3,1
0.048706996,3,1
0.055728164,3,1
0.062008539,3,1
0.067005815,3,1
0.070317218,3,1
0.071707574,3,1
0.071122064,3,1
0.068690436,3,1
0.064723269,3,1
0.059691628,3,1
0.054177384,3,1
0.048788613,3,1
0.044051447,3,1
0.040307464,3,1
0.037653003,3,1
0.035946933,3,1
0.034889081,3,1
0.034143478,3,1
0.033462134,3,1
0.03276487,3,1
0.032148954,3,1
0.03183053,3,1
0.032045916,3,1
0.032953955,3,1
0.034576444,3,1
0.03679505,3,1
0.039398873,3,1
0.042157325,3,1
0.044885839,3,1
0.047478868,3,1
0.049901272,3,1
0.052147601,3,1
0.054191131,3,1
0.055946646,3,1
0.057263377,3,1
0.05795135,3,1
0.057831383,3,1
0.056790864,3,1
0.054826767,3,1
0.052063358,3,1
0.04874156,3,1
0.045185426,3,1
0.041755226,3,1
0.038795804,3,1
0.036585768,3,1
0.035291543,3,1
0.03493222,3,1
0.035364743,3,1
0.036299806,3,1
0.037353204,3,1
0.038125753,3,1
0.038292336,3,1
0.03767427,3,1
0.036273366,3,1
0.034259515,3,1
0.03191991,3,1
0.029589448,3,1
0.0275836,3,1
0.02614832,3,1
0.025431298,3,1
0.02547127,3,1
0.02620002,3,1
0.027454118,3,1
0.028996529,3,1
0.030548725,3,1
0.031831155,3,1
0.032605871,3,1
0.032712763,3,1
0.032091817,3,1
0.030787532,3,1
0.028936356,3,1
0.026741623,3,1
0.024442222,3,1
0.022281074,3,1
0.020477836,3,1
0.019207715,3,1
0.018585709,3,1
0.018654244,3,1
0.019373156,3,1
0.020614146,3,1
0.022165356,3,1
0.023752771,3,1
0.025081525,3,1
0.025892458,3,1
0.026020565,3,1
0.025437008,3,1
0.024258412,3,1
0.02271654,3,1
0.021094826,3,1
0.019650439,3,1
0.018546463,3,1
0.017816002,3,1
0.017369072,3,1
0.017038204,3,1
0.016645183,3,1
0.016064677,3,1
0.01526331,3,1
0.014303654,3,1
0.013316747,3,1
0.012457619,3,1
0.011861562,3,1
0.011614023,3,1
0.011738117,3,1
0.012196189,3,1
0.012899295,3,1
0.013720705,3,1
0.014513203,3,1
0.015131381,3,1
0.015457862,3,1
0.015428181,3,1
0.015046413,3,1
0.014384928,3,1
0.013567045,3,1
0.01273813,3,1
0.012035166,3,1
0.011564627,3,1
0.011393573,3,1
0.011552053,3,1
0.012039831,3,1
0.012829987,3,1
0.013866185,3,1
0.015056586,3,1
0.016271662,3,1
0.017352839,3,1
0.018134007,3,1
0.018471569,3,1
0.018274267,3,1
0.017523935,3,1
0.016281864,3,1
0.014680256,3,1
0.012901732,3,1
0.011151167,3,1
0.009624179,3,1
0.008476705,3,1
0.007800788,3,1
0.007611883,3,1
0.007851305,3,1
0.008403596,3,1
0.009123963,3,1
0.009867842,3,1
0.010514864,3,1
0.010982621,3,1
0.011229997,3,1
0.01125299,3,1
0.011076974,3,1
0.01074845,3,1
0.010327829,3,1
0.009883673,3,1
0.009488279,3,1
0.009214161,3,1
0.009130593,3,1
0.009298993,3,1
0.009766067,3,1
0.010554591,3,1
0.011653191,3,1
0.013007983,3,1
0.014519568,3,1
0.016048407,3,1
0.017430031,3,1
0.018499249,3,1
0.019120125,3,1
0.019216525,3,1
0.018797038,3,1
0.017968575,3,1
0.016934936,3,1
0.015979486,3,1
0.015433733,3,1
0.015634966,3,1
0.016876393,3,1
0.019353541,3,1
0.023112818,3,1
0.028012144,3,1
0.033707263,3,1
0.039676722,3,1
0.045290704,3,1
0.04991497,3,1
0.05302658,3,1
0.054310297,3,1
0.053708488,3,1
0.051412121,3,1
0.047799661,3,1
0.043346029,3,1
0.038529362,3,1
0.033758512,3,1
0.029332856,3,1
0.025433838,3,1
0.022139334,3,1
0.019449195,3,1
0.017312323,3,1
0.015649826,3,1
0.014372819,3,1
0.013395564,3,1
0.01264484,3,1
0.012065655,3,1
0.0116228,3,1
0.011298175,3,1
0.011084992,3,1
0.010980972,3,1
0.010982719,3,1
0.011082246,3,1
0.011265014,3,1
0.011507859,3,1
0.011775865,3,1
0.012019122,3,1
0.012172321,3,1
0.01216052,3,1
0.011912388,3,1
0.011378558,3,1
0.010549294,3,1
0.009464745,3,1
0.008213222,3,1
0.006917388,3,1
0.005712524,3,1
0.004723396,3,1
0.004045863,3,1
0.003737007,3,1
0.003814703,3,1
0.004264924,3,1
0.005053251,3,1
0.006135914,3,1
0.00746564,3,1
0.008989283,3,1
0.01063789,3,1
0.012314584,3,1
0.013889096,3,1
0.015207426,3,1
0.016119662,3,1
0.016520091,3,1
0.016385428,3,1
0.015793988,3,1
0.014913703,3,1
0.013958691,3,1
0.013127655,3,1
0.012546218,3,1
0.012234923,3,1
0.01211481,3,1
0.012047658,3,1
0.011894715,3,1
0.011571684,3,1
0.011080847,3,1
0.010511077,3,1
0.010008368,3,1
0.009728503,3,1
0.009787249,3,1
0.010222115,3,1
0.010975219,3,1
0.011901133,3,1
0.012797837,3,1
0.013453562,3,1
0.013698053,3,1
0.01344471,3,1
0.012711654,3,1
0.011615252,3,1
0.010337852,3,1
0.009079454,3,1
0.00800796,3,1
0.007222506,3,1
0.006739729,3,1
0.006505322,3,1
0.006425596,3,1
0.006408051,3,1
0.006397555,3,1
0.00639624,3,1
0.006460535,3,1
0.006676632,3,1
0.007123663,3,1
0.007838848,3,1
0.008798317,3,1
0.009920911,3,1
0.011092614,3,1
0.012200689,3,1
0.013163174,3,1
0.013942534,3,1
0.014540189,3,1
0.01497722,3,1
0.015271846,3,1
0.015424267,3,1
0.015414882,3,1
0.01521543,3,1
0.014807208,3,1
0.014198167,3,1
0.013431744,3,1
0.012583801,3,1
0.011748426,3,1
0.011017055,3,1
0.010457483,3,1
0.010099317,3,1
0.009930465,3,1
0.009905741,3,1
0.009964503,3,1
0.01005074,3,1
0.010127842,3,1
0.010182274,3,1
0.010215322,3,1
0.010227814,3,1
0.010206282,3,1
0.010118349,3,1
0.009920202,3,1
0.009572662,3,1
0.009058024,3,1
0.008390002,3,1
0.007613221,3,1
0.006794055,3,1
0.006007875,3,1
0.005327496,3,1
0.004814704,3,1
0.004513866,3,1
0.004445912,3,1
0.004602894,3,1
0.004946071,3,1
0.005411768,3,1
0.00592733,3,1
0.006434825,3,1
0.006914865,3,1
0.007400115,3,1
0.00796989,3,1
0.008723862,3,1
0.009741845,3,1
0.011043931,3,1
0.012566919,3,1
0.014167634,3,1
0.015653314,3,1
0.016828425,3,1
0.017541273,3,1
0.017715189,3,1
0.017356792,3,1
0.016543446,3,1
0.015398862,3,1
0.014067057,3,1
0.012691418,3,1
0.011400332,3,1
0.010297259,3,1
0.009452586,3,1
0.008896694,3,1
0.008616231,3,1
0.008556751,3,1
0.008633752,3,1
0.008751423,3,1
0.008825317,3,1
0.008803256,3,1
0.008678687,3,1
0.008492527,3,1
0.008322466,3,1
0.008261925,3,1
0.00839358,3,1
0.00876395,3,1
0.009365739,3,1
0.010133182,3,1
0.01095285,3,1
0.011688681,3,1
0.01221643,3,1
0.012459991,3,1
0.012420738,3,1
0.012191284,3,1
0.011946958,3,1
0.01191211,3,1
0.012304469,3,1
0.013268426,3,1
0.014815243,3,1
0.016791169,3,1
0.018890058,3,1
0.020714622,3,1
0.021873438,3,1
0.022085934,3,1
0.021261992,3,1
0.019530082,3,1
0.017205709,3,1
0.014713093,3,1
0.012488166,3,1
0.010893901,3,1
0.010169234,3,1
0.010415908,3,1
0.011612097,3,1
0.013634929,3,1
0.016278217,3,1
0.019263173,3,1
0.022251047,3,1
0.024870582,3,1
0.026767199,3,1
0.027668257,3,1
0.027446527,3,1
0.026159073,3,1
0.024044199,3,1
0.021472615,3,1
0.01886482,3,1
0.016598123,3,1
0.014929775,3,1
0.013956533,3,1
0.01361881,3,1
0.013743713,3,1
0.014110572,3,1
0.014517921,3,1
0.014833029,3,1
0.015012576,3,1
0.015092952,3,1
0.015157764,3,1
0.015295913,3,1
0.015564767,3,1
0.015969693,3,1
0.016464701,3,1
0.016971523,3,1
0.017408324,3,1
0.017716538,3,1
0.017875823,3,1
0.017902292,3,1
0.017832046,3,1
0.01769787,3,1
0.017509582,3,1
0.017246955,3,1
0.01686917,3,1
0.016338374,3,1
0.015649641,3,1
0.01485693,3,1
0.014085096,3,1
0.013520949,3,1
0.013381129,3,1
0.013860513,3,1
0.015071459,3,1
0.016990014,3,1
0.019427839,3,1
0.022045128,3,1
0.024409084,3,1
0.026086913,3,1
0.026747653,3,1
0.026240834,3,1
0.024626218,3,1
0.02214628,3,1
0.019154218,3,1
0.016025426,3,1
0.013082754,3,1
0.010555309,3,1
0.008573349,3,1
0.007186925,3,1
0.006390118,3,1
0.006137143,3,1
0.006347046,3,1
0.006903623,3,1
0.007661361,3,1
0.008464991,3,1
0.009182165,3,1
0.009740018,3,1
0.010151419,3,1
0.01051775,3,1
0.01100201,3,1
0.011776478,3,1
0.012959337,3,1
0.014560838,3,1
0.016458882,3,1
0.018415972,3,1
0.020136156,3,1
0.021346517,3,1
0.021877983,3,1
0.021719035,3,1
0.021024071,3,1
0.02007304,3,1
0.019194911,3,1
0.018678981,3,1
0.018701026,3,1
0.019285609,3,1
0.02031372,3,1
0.021570499,3,1
0.022815458,3,1
0.023851031,3,1
0.024566784,3,1
0.02494613,3,1
0.025037004,3,1
0.024902231,3,1
0.024573107,3,1
0.02402721,3,1
0.023199478,3,1
0.022019722,3,1
0.020457711,3,1
0.018554452,3,1
0.016425994,3,1
0.014239319,3,1
0.012171753,3,1
0.01037049,3,1
0.008926102,3,1
0.007866183,3,1
0.007167021,3,1
0.006775748,3,1
0.006633988,3,1
0.006695666,3,1
0.006934876,3,1
0.007343317,3,1
0.007919937,3,1
0.00865755,3,1
0.009531652,3,1
0.010495468,3,1
0.011482712,3,1
0.012416733,3,1
0.013222775,3,1
0.013839531,3,1
0.014227103,3,1
0.014370196,3,1
0.014277227,3,1
0.013977281,3,1
0.013517052,3,1
0.012958896,3,1
0.012379314,3,1
0.01186549,3,1
0.011507063,3,1
0.011381762,3,1
0.011536584,3,1
0.011969537,3,1
0.012618847,3,1
0.01336565,3,1
0.014052521,3,1
0.014514817,3,1
0.014616861,3,1
0.014282489,3,1
0.013510743,3,1
0.012372242,3,1
0.010988385,3,1
0.009501212,3,1
0.008044268,3,1
0.006723019,3,1
0.005608495,3,1
0.004742065,3,1
0.004145346,3,1
0.003828562,3,1
0.003792955,3,1
0.004026722,3,1
0.004497439,3,1
0.005145931,3,1
0.005886419,3,1
0.006615799,3,1
0.007231827,3,1
0.00765656,3,1
0.007858929,3,1
0.007869614,3,1
0.007782855,3,1
0.007743013,3,1
0.007917447,3,1
0.008460442,3,1
0.009474937,3,1
0.0109798,3,1
0.012890436,3,1
0.015019501,3,1
0.017101526,3,1
0.018839921,3,1
0.019967916,3,1
0.020308908,3,1
0.019819371,3,1
0.018600917,3,1
0.016876731,3,1
0.014938506,3,1
0.013079101,3,1
0.011530045,3,1
0.010420494,3,1
0.009766595,3,1
0.009490284,3,1
0.009457926,3,1
0.009524617,3,1
0.009570583,3,1
0.009521212,3,1
0.009349397,3,1
0.009065085,3,1
0.008699933,3,1
0.008293912,3,1
0.007887073,3,1
0.007515593,3,1
0.007209136,3,1
0.006987153,3,1
0.006854249,3,1
0.006797213,3,1
0.006786858,3,1
0.006786044,3,1
0.006762072,3,1
0.006698911,3,1
0.006604002,3,1
0.00650618,3,1
0.006444673,3,1
0.006452752,3,1
0.006541811,3,1
0.006691815,3,1
0.00685202,3,1
0.006952452,3,1
0.006922933,3,1
0.006713671,3,1
0.006310607,3,1
0.005740323,3,1
0.005062815,3,1
0.004354808,3,1
0.003689629,3,1
0.003120801,3,1
0.002674837,3,1
0.00235498,3,1
0.00215345,3,1
0.002066665,3,1
0.002107092,3,1
0.002306864,3,1
0.002711339,3,1
0.003364312,3,1
0.004289419,3,1
0.005473734,3,1
0.006859128,3,1
0.00834498,3,1
0.009802698,3,1
0.01109923,3,1
0.012124036,3,1
0.012812485,3,1
0.013158869,3,1
0.01321426,3,1
0.013068429,3,1
0.012820207,3,1
0.012545451,3,1
0.012273903,3,1
0.01198404,3,1
0.011618544,3,1
0.011114657,3,1
0.01043732,3,1
0.00960176,3,1
0.008676929,3,1
0.007769474,3,1
0.006995792,3,1
0.006453496,3,1
0.006202186,3,1
0.006258092,3,1
0.006600974,3,1
0.00718747,3,1
0.007964146,3,1
0.008875473,3,1
0.009865409,3,1
0.010874489,3,1
0.011836154,3,1
0.012676091,3,1
0.013316729,3,1
0.013686605,3,1
0.013732,3,1
0.013427085,3,1
0.012779204,3,1
0.011827752,3,1
0.010637362,3,1
0.009287957,3,1
0.007864828,3,1
0.006451352,3,1
0.00512553,3,1
0.00395999,3,1
0.003023755,3,1
0.002383451,3,1
0.002101737,3,1
0.002231672,3,1
0.002807182,3,1
0.003831439,3,1
0.005266272,3,1
0.0070264,3,1
0.008981898,3,1
0.010970755,3,1
0.012820666,3,1
0.014375968,3,1
0.015523134,3,1
0.016207929,3,1
0.016439706,3,1
0.016282636,3,1
0.015837704,3,1
0.0152212,3,1
0.014544515,3,1
0.013897669,3,1
0.013337215,3,1
0.012879055,3,1
0.012497738,3,1
0.012134096,3,1
0.011711325,3,1
0.011156321,3,1
0.01042016,3,1
0.009491322,3,1
0.008397956,3,1
0.007199851,3,1
0.005974444,3,1
0.004802334,3,1
0.003756395,3,1
0.00289585,3,1
0.002264257,3,1
0.001889296,3,1
0.001782542,3,1
0.001938526,3,1
0.002333606,3,1
0.002925925,3,1
0.003657811,3,1
0.004461302,3,1
0.005266466,3,1
0.006010985,3,1
0.006648801,3,1
0.007155523,3,1
0.007529,3,1
0.007784801,3,1
0.007947942,3,1
0.008043616,3,1
0.008090214,3,1
0.008097064,3,1
0.008067199,3,1
0.008002957,3,1
0.007910727,3,1
0.007801848,3,1
0.007689232,3,1
0.00758232,3,1
0.0074842,3,1
0.007393248,3,1
0.007308162,3,1
0.007232294,3,1
0.007172984,3,1
0.00713469,3,1
0.00710928,3,1
0.007069781,3,1
0.006973128,3,1
0.006773064,3,1
0.010532547,1,2
0.008904752,1,2
0.007733502,1,2
0.007154399,1,2
0.007207347,1,2
0.007843739,1,2
0.008945381,1,2
0.010347053,1,2
0.011858483,1,2
0.013285533,1,2
0.014451699,1,2
0.015219228,1,2
0.015506187,1,2
0.015294511,1,2
0.014626008,1,2
0.01358769,1,2
0.012292037,1,2
0.010859348,1,2
0.009407085,1,2
0.008046547,1,2
0.006882957,1,2
0.00601357,1,2
0.005520321,1,2
0.005457521,1,2
0.005838705,1,2
0.006628031,1,2
0.007740139,1,2
0.009049345,1,2
0.010406135,1,2
0.011657436,1,2
0.012667116,1,2
0.013333865,1,2
0.013604132,1,2
0.01347809,1,2
0.013007122,1,2
0.012282631,1,2
0.011418039,1,2
0.010527846,1,2
0.009708563,1,2
0.009025632,1,2
0.008508504,1,2
0.008153725,1,2
0.007934074,1,2
0.007810932,1,2
0.007746923,1,2
0.007716251,1,2
0.007710792,1,2
0.007740874,1,2
0.007830808,1,2
0.008010384,1,2
0.008304515,1,2
0.008723744,1,2
0.009258274,1,2
0.009877617,1,2
0.010536665,1,2
0.011187255,1,2
0.011792226,1,2
0.012337454,1,2
0.01283719,1,2
0.013329893,1,2
0.013865287,1,2
0.014487083,1,2
0.015217851,1,2
0.016051512,1,2
0.016955254,1,2
0.017878275,1,2
0.018762125,1,2
0.019547967,1,2
0.020179198,1,2
0.020601394,1,2
0.020763103,1,2
0.020619929,1,2
0.020141575,1,2
0.019319264,1,2
0.01817062,1,2
0.016740657,1,2
0.015099405,1,2
0.013337572,1,2
0.011560894,1,2
0.009882534,1,2
0.008412445,1,2
0.007243736,1,2
0.006438356,1,2
0.006016349,1,2
0.00595326,1,2
0.00618839,1,2
0.006643201,1,2
0.007245371,1,2
0.007951233,1,2
0.008758571,1,2
0.009703622,1,2
0.010840631,1,2
0.012208522,1,2
0.013795423,1,2
0.015515065,1,2
0.0172072,1,2
0.018666402,1,2
0.019692229,1,2
0.020143841,1,2
0.019978958,1,2
0.019263039,1,2
0.018147277,1,2
0.016826789,1,2
0.015496537,1,2
0.014319231,1,2
0.013409937,1,2
0.012833113,1,2
0.012604877,1,2
0.012697044,1,2
0.013045148,1,2
0.01356447,1,2
0.014173558,1,2
0.014817014,1,2
0.015475016,1,2
0.016150914,1,2
0.016839771,1,2
0.017493338,1,2
0.018002464,1,2
0.018211775,1,2
0.017965828,1,2
0.017169091,1,2
0.015833315,1,2
0.014090217,1,2
0.012162695,1,2
0.010306102,1,2
0.008743228,1,2
0.007617313,1,2
0.006977529,1,2
0.006796935,1,2
0.007010777,1,2
0.007557658,1,2
0.008407797,1,2
0.009568923,1,2
0.011068301,1,2
0.012917005,1,2
0.01506879,1,2
0.017389492,1,2
0.019652023,1,2
0.021565306,1,2
0.022833887,1,2
0.023232207,1,2
0.022669428,1,2
0.021221791,1,2
0.019120311,1,2
0.016697775,1,2
0.01431347,1,2
0.012280452,1,2
0.010816185,1,2
0.010025717,1,2
0.009913068,1,2
0.010407376,1,2
0.011388808,1,2
0.012705112,1,2
0.014178921,1,2
0.015613674,1,2
0.016807906,1,2
0.017582719,1,2
0.017817866,1,2
0.017483372,1,2
0.016651309,1,2
0.015478575,1,2
0.014163953,1,2
0.012895213,1,2
0.011807552,1,2
0.010969898,1,2
0.010402352,1,2
0.010112894,1,2
0.010132128,1,2
0.010525919,1,2
0.011376719,1,2
0.012739932,1,2
0.014594283,1,2
0.016809161,1,2
0.019145562,1,2
0.02129383,1,2
0.02293701,1,2
0.023819699,1,2
0.023802011,1,2
0.022885686,1,2
0.021209873,1,2
0.019022651,1,2
0.016637759,1,2
0.014384867,1,2
0.012559031,1,2
0.011373802,1,2
0.010924026,1,2
0.01116668,1,2
0.011928248,1,2
0.012942568,1,2
0.013914379,1,2
0.014594159,1,2
0.014843739,1,2
0.014672956,1,2
0.014235497,1,2
0.013784223,1,2
0.013598298,1,2
0.013902323,1,2
0.014799341,1,2
0.016235345,1,2
0.018004134,1,2
0.019790796,1,2
0.021242023,1,2
0.022044872,1,2
0.02199423,1,2
0.021033881,1,2
0.019265023,1,2
0.016925856,1,2
0.01435266,1,2
0.011934061,1,2
0.010066304,1,2
0.009111151,1,2
0.009353586,1,2
0.010956643,1,2
0.013916104,1,2
0.018025767,1,2
0.022870014,1,2
0.027859648,1,2
0.032317209,1,2
0.035600989,1,2
0.037239184,1,2
0.037035468,1,2
0.035111204,1,2
0.031868225,1,2
0.027882814,1,2
0.023765164,1,2
0.02002867,1,2
0.017006013,1,2
0.014828287,1,2
0.013459512,1,2
0.012762267,1,2
0.012566158,1,2
0.012718362,1,2
0.013108165,1,2
0.013668544,1,2
0.01436331,1,2
0.015168407,1,2
0.016053381,1,2
0.016966808,1,2
0.017828762,1,2
0.018533265,1,2
0.018962345,1,2
0.019010049,1,2
0.018610431,1,2
0.017760468,1,2
0.016529225,1,2
0.015048768,1,2
0.01348881,1,2
0.012022778,1,2
0.010795482,1,2
0.009900953,1,2
0.009374427,1,2
0.009197356,1,2
0.009310936,1,2
0.009632853,1,2
0.010073279,1,2
0.010548093,1,2
0.010988577,1,2
0.0113471,1,2
0.011598139,1,2
0.011734269,1,2
0.01175804,1,2
0.011672362,1,2
0.011473193,1,2
0.011147947,1,2
0.010680918,1,2
0.010064144,1,2
0.009309616,1,2
0.008457925,1,2
0.007579434,1,2
0.006766431,1,2
0.006117468,1,2
0.005717347,1,2
0.005617566,1,2
0.005822322,1,2
0.006284447,1,2
0.006913646,1,2
0.00759636,1,2
0.008222863,1,2
0.008714117,1,2
0.009040008,1,2
0.009222742,1,2
0.00932407,1,2
0.009420698,1,2
0.009576311,1,2
0.009819308,1,2
0.010132614,1,2
0.010457361,1,2
0.010707982,1,2
0.010793796,1,2
0.010641618,1,2
0.010214614,1,2
0.009523631,1,2
0.008628526,1,2
0.007628791,1,2
0.006645246,1,2
0.005797139,1,2
0.005180439,1,2
0.004852544,1,2
0.00482608,1,2
0.005071296,1,2
0.005524311,1,2
0.006098212,1,2
0.006695188,1,2
0.007219182,1,2
0.007588777,1,2
0.007749041,1,2
0.007679917,1,2
0.007398605,1,2
0.006954823,1,2
0.006419989,1,2
0.005873211,1,2
0.00538746,1,2
0.0050186,1,2
0.004798656,1,2
0.004733755,1,2
0.004806618,1,2
0.004983176,1,2
0.005222358,1,2
0.005487193,1,2
0.005754555,1,2
0.006020674,1,2
0.006300341,1,2
0.006619591,1,2
0.007003909,1,2
0.007465932,1,2
0.0079973,1,2
0.008568202,1,2
0.009135491,1,2
0.009656706,1,2
0.010104587,1,2
0.010475938,1,2
0.01079071,1,2
0.011081163,1,2
0.011375216,1,2
0.011680494,1,2
0.011975175,1,2
0.012208893,1,2
0.012313251,1,2
0.01221867,1,2
0.011873043,1,2
0.011257921,1,2
0.010398734,1,2
0.009366549,1,2
0.008270082,1,2
0.007238465,1,2
0.006397576,1,2
0.005844925,1,2
0.005629035,1,2
0.00573855,1,2
0.006103913,1,2
0.006611407,1,2
0.007126463,1,2
0.007521094,1,2
0.007699418,1,2
0.007615469,1,2
0.007279137,1,2
0.006748873,1,2
0.006113462,1,2
0.005468503,1,2
0.004894986,1,2
0.004446485,1,2
0.00414801,1,2
0.004004727,1,2
0.004014583,1,2
0.00417739,1,2
0.00449497,1,2
0.004961762,1,2
0.005550616,1,2
0.006201813,1,2
0.006822845,1,2
0.007302332,1,2
0.007535419,1,2
0.007452814,1,2
0.007043536,1,2
0.006363279,1,2
0.005525202,1,2
0.004675856,1,2
0.003963659,1,2
0.003509156,1,2
0.003384807,1,2
0.003608014,1,2
0.004146312,1,2
0.004930035,1,2
0.005866823,1,2
0.006854077,1,2
0.007788607,1,2
0.008575105,1,2
0.009135349,1,2
0.009418135,1,2
0.009407458,1,2
0.009125446,1,2
0.008627818,1,2
0.007992629,1,2
0.007305771,1,2
0.006647571,1,2
0.006083664,1,2
0.00566097,1,2
0.005407725,1,2
0.005335688,1,2
0.00544285,1,2
0.005715565,1,2
0.006129585,1,2
0.006650041,1,2
0.007231087,1,2
0.007816563,1,2
0.008343198,1,2
0.00874728,1,2
0.008974379,1,2
0.00899021,1,2
0.008789682,1,2
0.008400969,1,2
0.007882223,1,2
0.007310264,1,2
0.006762919,1,2
0.006299173,1,2
0.005942988,1,2
0.005676578,1,2
0.005446507,1,2
0.005181871,1,2
0.004819466,1,2
0.004328256,1,2
0.003725686,1,2
0.003081187,1,2
0.002506084,1,2
0.002132357,1,2
0.002084498,1,2
0.002449412,1,2
0.003249972,1,2
0.004428621,1,2
0.005847531,1,2
0.007309559,1,2
0.008598674,1,2
0.009531049,1,2
0.010001838,1,2
0.010011681,1,2
0.009662789,1,2
0.009125383,1,2
0.008586382,1,2
0.008198413,1,2
0.008045705,1,2
0.008135327,1,2
0.008411891,1,2
0.008786144,1,2
0.009165682,1,2
0.009479006,1,2
0.009689399,1,2
0.009799331,1,2
0.009847399,1,2
0.009898841,1,2
0.010029549,1,2
0.010304311,1,2
0.010753042,1,2
0.011352267,1,2
0.012020351,1,2
0.012632094,1,2
0.01305176,1,2
0.013175893,1,2
0.012972032,1,2
0.012499127,1,2
0.011900677,1,2
0.011370426,1,2
0.011099717,1,2
0.011221983,1,2
0.011771294,1,2
0.01266785,1,2
0.013735381,1,2
0.014745915,1,2
0.015479217,1,2
0.015779738,1,2
0.015594423,1,2
0.014980288,1,2
0.014079943,1,2
0.013073478,1,2
0.012123013,1,2
0.01132866,1,2
0.010710424,1,2
0.010221021,1,2
0.009783367,1,2
0.009338017,1,2
0.008883076,1,2
0.008492622,1,2
0.008307348,1,2
0.008499843,1,2
0.00922409,1,2
0.010563019,1,2
0.012489049,1,2
0.014850507,1,2
0.017391448,1,2
0.019803827,1,2
0.021800578,1,2
0.023189136,1,2
0.023921406,1,2
0.024101449,1,2
0.023945823,1,2
0.02370922,1,2
0.023601959,1,2
0.023729427,1,2
0.024074043,1,2
0.02452198,1,2
0.024918196,1,2
0.025123455,1,2
0.025050187,1,2
0.02466782,1,2
0.023984521,1,2
0.023022487,1,2
0.021803292,1,2
0.020350166,1,2
0.018702062,1,2
0.016927186,1,2
0.015124717,1,2
0.013411052,1,2
0.011895754,1,2
0.010657357,1,2
0.009728421,1,2
0.00909423,1,2
0.008703804,1,2
0.008487993,1,2
0.008378321,1,2
0.008321119,1,2
0.008283542,1,2
0.008250896,1,2
0.008217849,1,2
0.008178836,1,2
0.008123613,1,2
0.008041578,1,2
0.007933532,1,2
0.007824464,1,2
0.007768694,1,2
0.007841083,1,2
0.008114351,1,2
0.008629726,1,2
0.009372674,1,2
0.010264793,1,2
0.011177329,1,2
0.011963619,1,2
0.012500533,1,2
0.012725542,1,2
0.012657476,1,2
0.012394313,1,2
0.012088314,1,2
0.011905146,1,2
0.011977856,1,2
0.012367999,1,2
0.013044822,1,2
0.01388926,1,2
0.014723039,1,2
0.015355673,1,2
0.015635991,1,2
0.015492552,1,2
0.014950549,1,2
0.014120655,1,2
0.013164784,1,2
0.012250967,1,2
0.011511768,1,2
0.011017575,1,2
0.010769686,1,2
0.010711506,1,2
0.010751559,1,2
0.010790393,1,2
0.010744195,1,2
0.010560081,1,2
0.010220843,1,2
0.009739963,1,2
0.009150449,1,2
0.008492794,1,2
0.007807036,1,2
0.007131346,1,2
0.006505613,1,2
0.005975251,1,2
0.00558984,1,2
0.005394023,1,2
0.005412922,1,2
0.005638548,1,2
0.006024611,1,2
0.006494043,1,2
0.006957869,1,2
0.007338878,1,2
0.007591574,1,2
0.007712004,1,2
0.007735852,1,2
0.00772795,1,2
0.007768539,1,2
0.007940564,1,2
0.008319274,1,2
0.008962723,1,2
0.009901396,1,2
0.011127237,1,2
0.012585423,1,2
0.014173776,1,2
0.015753345,1,2
0.01716952,1,2
0.018278279,1,2
0.018969592,1,2
0.019181255,1,2
0.018900935,1,2
0.0181595,1,2
0.017021545,1,2
0.015578161,1,2
0.013943051,1,2
0.012248991,1,2
0.01064,1,2
0.009256394,1,2
0.008214048,1,2
0.007583117,1,2
0.007373174,1,2
0.00753041,1,2
0.007949007,1,2
0.008494572,1,2
0.009033955,1,2
0.00946382,1,2
0.009730543,1,2
0.009836263,1,2
0.009829879,1,2
0.009786356,1,2
0.009781308,1,2
0.009869175,1,2
0.01007161,1,2
0.010378602,1,2
0.01075991,1,2
0.011180632,1,2
0.011613682,1,2
0.012044097,1,2
0.012464329,1,2
0.012864143,1,2
0.01322138,1,2
0.013499389,1,2
0.01365361,1,2
0.013645072,1,2
0.0134548,1,2
0.013092091,1,2
0.012592103,1,2
0.01200306,1,2
0.011368416,1,2
0.010711997,1,2
0.010033044,1,2
0.009313674,1,2
0.008535615,1,2
0.007698992,1,2
0.006835208,1,2
0.006008784,1,2
0.005307612,1,2
0.004825227,1,2
0.004640648,1,2
0.004800879,1,2
0.005309389,1,2
0.006122075,1,2
0.007151129,1,2
0.008276544,1,2
0.009364081,1,2
0.010286958,1,2
0.010946837,1,2
0.011288997,1,2
0.011307691,1,2
0.011040554,1,2
0.010554485,1,2
0.009927974,1,2
0.009235334,1,2
0.008536533,1,2
0.007873365,1,2
0.007270158,1,2
0.006736281,1,2
0.00626863,1,2
0.005854192,1,2
0.005474018,1,2
0.005109609,1,2
0.004750731,1,2
0.004401512,1,2
0.004081107,1,2
0.003817034,1,2
0.003632982,1,2
0.00353624,1,2
0.003510792,1,2
0.003519849,1,2
0.003517097,1,2
0.003461857,1,2
0.003331801,1,2
0.003128511,1,2
0.002874938,1,2
0.002607451,1,2
0.002366864,1,2
0.002192245,1,2
0.002118945,1,2
0.002179859,1,2
0.002407232,1,2
0.002832116,1,2
0.003479624,1,2
0.004360085,1,2
0.005458532,1,2
0.006726691,1,2
0.008081926,1,2
0.009415869,1,2
0.010611966,1,2
0.011567322,1,2
0.012211819,1,2
0.012518022,1,2
0.012498844,1,2
0.012194864,1,2
0.011657244,1,2
0.010933436,1,2
0.0100608,1,2
0.00906901,1,2
0.007987928,1,2
0.006855458,1,2
0.005720588,1,2
0.004639728,1,2
0.003667888,1,2
0.002848538,1,2
0.002206222,1,2
0.001744448,1,2
0.001448988,1,2
0.001294755,1,2
0.001253549,1,2
0.001300383,1,2
0.001417203,1,2
0.001594027,1,2
0.001828217,1,2
0.002122598,1,2
0.002482727,1,2
0.002913212,1,2
0.003413077,1,2
0.003970828,1,2
0.004560767,1,2
0.005142551,1,2
0.005665557,1,2
0.006077981,1,2
0.006338656,1,2
0.006428019,1,2
0.006354633,1,2
0.006155189,1,2
0.005888306,1,2
0.005624445,1,2
0.005434916,1,2
0.00538203,1,2
0.005510933,1,2
0.005842625,1,2
0.006367969,1,2
0.007043794,1,2
0.00779346,1,2
0.008514207,1,2
0.009091974,1,2
0.009421576,1,2
0.009427704,1,2
0.009081222,1,2
0.008406251,1,2
0.007476084,1,2
0.006399039,1,2
0.005298002,1,2
0.004288794,1,2
0.003462372,1,2
0.002874401,1,2
0.002543329,1,2
0.002455647,1,2
0.002575313,1,2
0.002853925,1,2
0.003239083,1,2
0.003679847,1,2
0.004129569,1,2
0.004547083,1,2
0.004897383,1,2
0.005152663,1,2
0.005294253,1,2
0.005315478,1,2
0.005224799,1,2
0.005047818,1,2
0.00482633,1,2
0.004613064,1,2
0.004462233,1,2
0.004418006,1,2
0.004504569,1,2
0.004721563,1,2
0.005047005,1,2
0.005446788,1,2
0.005886861,1,2
0.006342639,1,2
0.006801227,1,2
0.007255315,1,2
0.007691946,1,2
0.008082416,1,2
0.008379711,1,2
0.008526573,1,2
0.008472083,1,2
0.008190059,1,2
0.007691263,1,2
0.007023976,1,2
0.006262755,1,2
0.005490339,1,2
0.004780052,1,2
0.004184842,1,2
0.003735234,1,2
0.003444195,1,2
0.003314346,1,2
0.003343004,1,2
0.003522662,1,2
0.003837407,1,2
0.004258106,1,2
0.004739974,1,2
0.005225392,1,2
0.005652778,1,2
0.005969824,1,2
0.006147191,1,2
0.006187865,1,2
0.006128073,1,2
0.006028211,1,2
0.00595564,1,2
0.005964477,1,2
0.006079122,1,2
0.006287355,1,2
0.006545563,1,2
0.006794025,1,2
0.006976289,1,2
0.007055161,1,2
0.007019644,1,2
0.006881365,1,2
0.006663689,1,2
0.006389559,1,2
0.006073844,1,2
0.00572304,1,2
0.005341194,1,2
0.004938029,1,2
0.004534569,1,2
0.004163146,1,2
0.003861351,1,2
0.003662049,1,2
0.00358294,1,2
0.003619205,1,2
0.003741689,1,2
0.003901475,1,2
0.004039929,1,2
0.004101824,1,2
0.004048204,1,2
0.003865584,1,2
0.003568908,1,2
0.003197399,1,2
0.002804458,1,2
0.002444526,1,2
0.002160743,1,2
0.001976952,1,2
0.00189616,1,2
0.001905444,1,2
0.001984939,1,2
0.002117049,1,2
0.002291869,1,2
0.002506487,1,2
0.002758757,1,2
0.003039158,1,2
0.003325848,1,2
0.003586989,1,2
0.003791093,1,2
0.00392197,1,2
0.003991901,1,2
0.004046453,1,2
0.004157039,1,2
0.004401852,1,2
0.004840255,1,2
0.005488677,1,2
0.006306445,1,2
0.007197696,1,2
0.00803105,1,2
0.008672924,1,2
0.009025214,1,2
0.006843952,2,2
0.007534903,2,2
0.00838954,2,2
0.009264214,2,2
0.009996525,2,2
0.01044008,2,2
0.010498437,2,2
0.010148219,2,2
0.009443762,2,2
0.008501186,2,2
0.007466633,2,2
0.006478851,2,2
0.005637926,2,2
0.004989055,2,2
0.004524137,2,2
0.004197486,2,2
0.003947909,2,2
0.003719128,2,2
0.003473398,2,2
0.003197202,2,2
0.002900895,2,2
0.002615076,2,2
0.002385498,2,2
0.002266699,2,2
0.002313596,2,2
0.002570802,2,2
0.003061193,2,2
0.003777248,2,2
0.0046795,2,2
0.005704961,2,2
0.00678456,2,2
0.007863982,2,2
0.008919228,2,2
0.009959036,2,2
0.011011453,2,2
0.012099371,2,2
0.013215957,2,2
0.014311982,2,2
0.015302088,2,2
0.016088096,2,2
0.016589159,2,2
0.016765302,2,2
0.016624414,2,2
0.0162112,2,2
0.015585568,2,2
0.01480289,2,2
0.013907044,2,2
0.012940147,2,2
0.011963724,2,2
0.011079058,2,2
0.010432734,2,2
0.010197946,2,2
0.010531441,2,2
0.0115169,2,2
0.013113922,2,2
0.01513399,2,2
0.017258874,2,2
0.019103636,2,2
0.020309947,2,2
0.020642019,2,2
0.020053261,2,2
0.018699746,2,2
0.016894492,2,2
0.015017576,2,2
0.013412589,2,2
0.012303521,2,2
0.011756734,2,2
0.011694668,2,2
0.011949124,2,2
0.012329921,2,2
0.012683408,2,2
0.012923899,2,2
0.013034742,2,2
0.013047946,2,2
0.013017159,2,2
0.012996788,2,2
0.013032655,2,2
0.013161423,2,2
0.013411466,2,2
0.013798771,2,2
0.014316646,2,2
0.014924261,2,2
0.015542739,2,2
0.016066732,2,2
0.016393754,2,2
0.016465075,2,2
0.016303846,2,2
0.016032238,2,2
0.015853012,2,2
0.015992582,2,2
0.016619223,2,2
0.017764603,2,2
0.019281573,2,2
0.020861599,2,2
0.022113416,2,2
0.022679274,2,2
0.022348175,2,2
0.021125141,2,2
0.019232286,2,2
0.017043508,2,2
0.014978055,2,2
0.013389656,2,2
0.012484361,2,2
0.012286145,2,2
0.012652227,2,2
0.013326508,2,2
0.014012522,2,2
0.014446117,2,2
0.014451143,2,2
0.013967291,2,2
0.013046857,2,2
0.011825483,2,2
0.010478346,2,2
0.009175846,2,2
0.008050402,2,2
0.007180123,2,2
0.006588568,2,2
0.006255522,2,2
0.006132693,2,2
0.006159713,2,2
0.006277975,2,2
0.006441116,2,2
0.006621151,2,2
0.006809169,2,2
0.007010162,2,2
0.007233303,2,2
0.007481227,2,2
0.007743033,2,2
0.007994828,2,2
0.008208497,2,2
0.008365423,2,2
0.00846917,2,2
0.008551177,2,2
0.00866643,2,2
0.008880177,2,2
0.009249986,2,2
0.009808371,2,2
0.010550176,2,2
0.011427094,2,2
0.012350423,2,2
0.013202568,2,2
0.013856889,2,2
0.014203393,2,2
0.014174844,2,2
0.013765621,2,2
0.01303624,2,2
0.012100544,2,2
0.011098861,2,2
0.01016585,2,2
0.009403621,2,2
0.008867893,2,2
0.008569069,2,2
0.008484251,2,2
0.008573169,2,2
0.008791843,2,2
0.00910129,2,2
0.009472136,2,2
0.009887495,2,2
0.010345258,2,2
0.010858364,2,2
0.011449987,2,2
0.012141595,2,2
0.012935472,2,2
0.013797646,2,2
0.014649347,2,2
0.015373416,2,2
0.015836595,2,2
0.015921883,2,2
0.015560391,2,2
0.014751659,2,2
0.013565526,2,2
0.012125406,2,2
0.01057925,2,2
0.009068112,2,2
0.007701851,2,2
0.006547698,2,2
0.005632092,2,2
0.004951451,2,2
0.004485443,2,2
0.004207228,2,2
0.004088374,2,2
0.004099629,2,2
0.004210755,2,2
0.004392103,2,2
0.004618496,2,2
0.004873642,2,2
0.005152438,2,2
0.005459504,2,2
0.005804174,2,2
0.006193858,2,2
0.006628085,2,2
0.007094893,2,2
0.007570269,2,2
0.008020735,2,2
0.008409047,2,2
0.008702607,2,2
0.008883195,2,2
0.008955003,2,2
0.008946864,2,2
0.008905396,2,2
0.008878971,2,2
0.008897107,2,2
0.008953579,2,2
0.009001818,2,2
0.008966985,2,2
0.00877206,2,2
0.008368685,2,2
0.007760748,2,2
0.007011421,2,2
0.006230946,2,2
0.005549824,2,2
0.005086654,2,2
0.004920255,2,2
0.005072735,2,2
0.005505873,2,2
0.006129772,2,2
0.006820895,2,2
0.007445942,2,2
0.007887652,2,2
0.008068057,2,2
0.007964215,2,2
0.007612013,2,2
0.007095832,2,2
0.006525743,2,2
0.00600828,2,2
0.005619731,2,2
0.00539069,2,2
0.005306742,2,2
0.005323932,2,2
0.005391814,2,2
0.005474112,2,2
0.005558809,2,2
0.005654836,2,2
0.005778935,2,2
0.00594056,2,2
0.006133031,2,2
0.006335574,2,2
0.006525258,2,2
0.006692755,2,2
0.006853636,2,2
0.007048423,2,2
0.007329293,2,2
0.007737266,2,2
0.008278479,2,2
0.008909727,2,2
0.009540934,2,2
0.010056158,2,2
0.010347356,2,2
0.010349192,2,2
0.010061591,2,2
0.00955053,2,2
0.008925793,2,2
0.008303783,2,2
0.007769883,2,2
0.007355144,2,2
0.007035953,2,2
0.006755465,2,2
0.006456559,2,2
0.006112017,2,2
0.005740029,2,2
0.00540036,2,2
0.005174719,2,2
0.00514024,2,2
0.005345636,2,2
0.005796471,2,2
0.00645149,2,2
0.00722861,2,2
0.008017961,2,2
0.008699599,2,2
0.009163763,2,2
0.009330863,2,2
0.009167259,2,2
0.008692347,2,2
0.007973888,2,2
0.007111796,2,2
0.006214603,2,2
0.00537565,2,2
0.004656182,2,2
0.004079833,2,2
0.003638588,2,2
0.003306172,2,2
0.003052737,2,2
0.002855302,2,2
0.002701149,2,2
0.002584828,2,2
0.002502003,2,2
0.002444152,2,2
0.002397078,2,2
0.002343975,2,2
0.002271498,2,2
0.002175868,2,2
0.002065954,2,2
0.001961562,2,2
0.001887251,2,2
0.00186407,2,2
0.001902701,2,2
0.002001058,2,2
0.002147439,2,2
0.002327769,2,2
0.002533434,2,2
0.002765918,2,2
0.00303608,2,2
0.003358747,2,2
0.003745825,2,2
0.004201893,2,2
0.004724731,2,2
0.005310095,2,2
0.005957028,2,2
0.006668999,2,2
0.007447951,2,2
0.008282381,2,2
0.009134748,2,2
0.009935432,2,2
0.010588735,2,2
0.010991592,2,2
0.011059922,2,2
0.01075381,2,2
0.010092715,2,2
0.00915558,2,2
0.008066221,2,2
0.006969077,2,2
0.006002549,2,2
0.005276457,2,2
0.004857552,2,2
0.004764195,2,2
0.004969324,2,2
0.005409953,2,2
0.006001275,2,2
0.006653226,2,2
0.007286932,2,2
0.007848061,2,2
0.00831425,2,2
0.008694881,2,2
0.009023379,2,2
0.009344216,2,2
0.009698202,2,2
0.01010987,2,2
0.010579889,2,2
0.011083809,2,2
0.011576709,2,2
0.012001983,2,2
0.012301813,2,2
0.012427006,2,2
0.012344474,2,2
0.012041521,2,2
0.011526803,2,2
0.010828307,2,2
0.00998891,2,2
0.009060367,2,2
0.008096788,2,2
0.007148848,2,2
0.006259706,2,2
0.005463013,2,2
0.004782578,2,2
0.004232796,2,2
0.00381903,2,2
0.003537717,2,2
0.003376658,2,2
0.003316213,2,2
0.00333193,2,2
0.003398513,2,2
0.003494385,2,2
0.003605734,2,2
0.003728815,2,2
0.003869675,2,2
0.004041079,2,2
0.004257249,2,2
0.004527894,2,2
0.004853405,2,2
0.005222948,2,2
0.005616231,2,2
0.006008344,2,2
0.006375888,2,2
0.006702162,2,2
0.006979816,2,2
0.007210863,2,2
0.007405343,2,2
0.007580388,2,2
0.007760453,2,2
0.007977487,2,2
0.008268219,2,2
0.008666003,2,2
0.009187361,2,2
0.009817452,2,2
0.010501726,2,2
0.011150623,2,2
0.011659397,2,2
0.011937994,2,2
0.011939984,2,2
0.011678563,2,2
0.011222694,2,2
0.010675196,2,2
0.010142433,2,2
0.009708084,2,2
0.009420028,2,2
0.009292121,2,2
0.009315744,2,2
0.009473013,2,2
0.009745116,2,2
0.010113627,2,2
0.010556767,2,2
0.011044526,2,2
0.011536136,2,2
0.011981625,2,2
0.012327374,2,2
0.012524386,2,2
0.012537249,2,2
0.012351428,2,2
0.011976549,2,2
0.01144416,2,2
0.010800066,2,2
0.010093352,2,2
0.009365759,2,2
0.008645158,2,2
0.007945376,2,2
0.007271909,2,2
0.0066305,2,2
0.006034264,2,2
0.00550578,2,2
0.005072958,2,2
0.004760421,2,2
0.004580169,2,2
0.004525572,2,2
0.00457111,2,2
0.004677777,2,2
0.004801836,2,2
0.004903646,2,2
0.004953858,2,2
0.004935834,2,2
0.004844882,2,2
0.004685943,2,2
0.004471458,2,2
0.004220309,2,2
0.003957491,2,2
0.00371322,2,2
0.003519908,2,2
0.00340622,2,2
0.003388963,2,2
0.003465345,2,2
0.003609259,2,2
0.003774813,2,2
0.003908143,2,2
0.003965062,2,2
0.003928854,2,2
0.003821167,2,2
0.003700668,2,2
0.003648573,2,2
0.003745582,2,2
0.004048582,2,2
0.004575714,2,2
0.005304784,2,2
0.006184104,2,2
0.007149679,2,2
0.008140656,2,2
0.0091071,2,2
0.010009117,2,2
0.010811297,2,2
0.011478716,2,2
0.011979074,2,2
0.012291101,2,2
0.012414687,2,2
0.012376203,2,2
0.012224344,2,2
0.012016695,2,2
0.011802451,2,2
0.011609351,2,2
0.011441463,2,2
0.01128947,2,2
0.011149034,2,2
0.011038639,2,2
0.011007971,2,2
0.011131539,2,2
0.011488088,2,2
0.012131954,2,2
0.013065734,2,2
0.014223667,2,2
0.01547228,2,2
0.016630115,2,2
0.017502965,2,2
0.017926094,2,2
0.017801903,2,2
0.017121759,2,2
0.015964951,2,2
0.014475147,2,2
0.012822428,2,2
0.011163844,2,2
0.009614867,2,2
0.008238708,2,2
0.007052803,2,2
0.006045762,2,2
0.005195983,2,2
0.004485201,2,2
0.003904264,2,2
0.003452209,2,2
0.003131613,2,2
0.002943264,2,2
0.002882197,2,2
0.002935971,2,2
0.003085103,2,2
0.003304974,2,2
0.003568219,2,2
0.003846722,2,2
0.00411278,2,2
0.004339746,2,2
0.00450293,2,2
0.00458154,2,2
0.004561806,2,2
0.004440473,2,2
0.004227136,2,2
0.00394389,2,2
0.003621704,2,2
0.003294345,2,2
0.00299203,2,2
0.002737323,2,2
0.002544933,2,2
0.002425149,2,2
0.002388759,2,2
0.002450347,2,2
0.002627667,2,2
0.00293707,2,2
0.003387575,2,2
0.003977551,2,2
0.004697056,2,2
0.005535603,2,2
0.006491149,2,2
0.00757368,2,2
0.008797939,2,2
0.010164846,2,2
0.011637988,2,2
0.013126594,2,2
0.014486385,2,2
0.015543583,2,2
0.016137327,2,2
0.016166568,2,2
0.015623695,2,2
0.014601197,2,2
0.013267859,2,2
0.011822878,2,2
0.010444466,2,2
0.009250571,2,2
0.008283327,2,2
0.007519014,2,2
0.00689617,2,2
0.006349787,2,2
0.005840204,2,2
0.005369847,2,2
0.004986371,2,2
0.004774282,2,2
0.004837975,2,2
0.005278424,2,2
0.006165422,2,2
0.007508972,2,2
0.00923646,2,2
0.011184587,2,2
0.013113867,2,2
0.014747683,2,2
0.015829003,2,2
0.016179688,2,2
0.015744255,2,2
0.014603847,2,2
0.01295586,2,2
0.011065835,2,2
0.009206457,2,2
0.007600844,2,2
0.006384104,2,2
0.005590554,2,2
0.005166804,2,2
0.00500492,2,2
0.00498584,2,2
0.005021273,2,2
0.005082779,2,2
0.005210015,2,2
0.005495888,2,2
0.006053279,2,2
0.006973771,2,2
0.008291268,2,2
0.009961524,2,2
0.011863342,2,2
0.013820456,2,2
0.015637416,2,2
0.017139447,2,2
0.018205909,2,2
0.018789204,2,2
0.01891511,2,2
0.018665712,2,2
0.018151035,2,2
0.017478709,2,2
0.016731058,2,2
0.015955706,2,2
0.015170213,2,2
0.01437596,2,2
0.013573868,2,2
0.012775553,2,2
0.012007333,2,2
0.011308617,2,2
0.01072818,2,2
0.010320926,2,2
0.010144719,2,2
0.010254343,2,2
0.01068954,2,2
0.01145705,2,2
0.012511346,2,2
0.013742494,2,2
0.014980011,2,2
0.016017495,2,2
0.016655355,2,2
0.016750939,2,2
0.016260342,2,2
0.015256668,2,2
0.013916212,2,2
0.01247471,2,2
0.011166569,2,2
0.01016632,2,2
0.009550819,2,2
0.009292983,2,2
0.009286383,2,2
0.009389481,2,2
0.00947278,2,2
0.009453299,2,2
0.009307333,2,2
0.00906122,2,2
0.008767367,2,2
0.008476582,2,2
0.008217321,2,2
0.007988499,2,2
0.007766834,2,2
0.00752428,2,2
0.007247688,2,2
0.006952388,2,2
0.006684022,2,2
0.006507458,2,2
0.006486462,2,2
0.006661103,2,2
0.007030688,2,2
0.007548049,2,2
0.008127216,2,2
0.0086621,2,2
0.009050431,2,2
0.009215894,2,2
0.009122559,2,2
0.008778656,2,2
0.008230291,2,2
0.007548457,2,2
0.006813723,2,2
0.006102483,2,2
0.005477068,2,2
0.004980347,2,2
0.004634196,2,2
0.004440698,2,2
0.00438493,2,2
0.004438615,2,2
0.004564378,2,2
0.004720604,2,2
0.004866868,2,2
0.004969413,2,2
0.005005723,2,2
0.004967047,2,2
0.004858188,2,2
0.004694711,2,2
0.004498628,2,2
0.004293909,2,2
0.00410287,2,2
0.003943659,2,2
0.003828412,2,2
0.003761619,2,2
0.003738772,2,2
0.00374617,2,2
0.003763088,2,2
0.003766915,2,2
0.003740489,2,2
0.003679256,2,2
0.003595098,2,2
0.00351432,2,2
0.003469478,2,2
0.003487517,2,2
0.003578776,2,2
0.003731631,2,2
0.003915552,2,2
0.004091911,2,2
0.004228591,2,2
0.004312813,2,2
0.00435746,2,2
0.00439899,2,2
0.004488512,2,2
0.004679926,2,2
0.00501932,2,2
0.005537935,2,2
0.006248356,2,2
0.007141684,2,2
0.008183692,2,2
0.009310308,2,2
0.010425785,2,2
0.011408503,2,2
0.012127734,2,2
0.012470034,2,2
0.012368305,2,2
0.011823115,2,2
0.010907155,2,2
0.009749697,2,2
0.008505934,2,2
0.00732212,2,2
0.006308431,2,2
0.005527072,2,2
0.004996067,2,2
0.004703082,2,2
0.004621307,2,2
0.004721111,2,2
0.004975071,2,2
0.005357477,2,2
0.005841148,2,2
0.006394188,2,2
0.006978308,2,2
0.007549235,2,2
0.00805914,2,2
0.008460688,2,2
0.008712128,2,2
0.008782778,2,2
0.008658164,2,2
0.008344059,2,2
0.007868448,2,2
0.007280315,2,2
0.006644423,2,2
0.0060322,2,2
0.0055104,2,2
0.005130535,2,2
0.004922341,2,2
0.004893148,2,2
0.005032535,2,2
0.005319242,2,2
0.005726413,2,2
0.00622248,2,2
0.006767974,2,2
0.0073115,2,2
0.007789561,2,2
0.008133607,2,2
0.008284218,2,2
0.008208255,2,2
0.007912357,2,2
0.007446704,2,2
0.006896388,2,2
0.006362447,2,2
0.005938416,2,2
0.005689494,2,2
0.005639992,2,2
0.005771551,2,2
0.006031339,2,2
0.006347043,2,2
0.006644425,2,2
0.006863138,2,2
0.006967304,2,2
0.006948713,2,2
0.006822437,2,2
0.006616697,2,2
0.006360463,2,2
0.006072815,2,2
0.005757353,2,2
0.005403229,2,2
0.004992204,2,2
0.004509255,2,2
0.003953148,2,2
0.00334349,2,2
0.002721954,2,2
0.002147363,2,2
0.001686236,2,2
0.001401468,2,2
0.001341594,2,2
0.001532088,2,2
0.001969181,2,2
0.002616661,2,2
0.003406821,2,2
0.004247312,2,2
0.005034919,2,2
0.005674857,2,2
0.006101216,2,2
0.006292217,2,2
0.006274651,2,2
0.006115179,2,2
0.005900857,2,2
0.005715006,2,2
0.005615993,2,2
0.00562502,2,2
0.005725718,2,2
0.00587454,2,2
0.006018027,2,2
0.006111522,2,2
0.006134037,2,2
0.006095275,2,2
0.006033076,2,2
0.006002185,2,2
0.006057734,2,2
0.00623847,2,2
0.006554981,2,2
0.006986698,2,2
0.007488618,2,2
0.008005308,2,2
0.008487113,2,2
0.008902517,2,2
0.009242018,2,2
0.009512087,2,2
0.009721843,2,2
0.009868319,2,2
0.0099273,2,2
0.009855123,2,2
0.009602779,2,2
0.009138559,2,2
0.00847114,2,2
0.007663369,2,2
0.006829134,2,2
0.006111391,2,2
0.005646797,2,2
0.005528394,2,2
0.005779706,2,2
0.006349975,2,2
0.007132235,2,2
0.007996865,2,2
0.00882726,2,2
0.009544158,2,2
0.010111105,2,2
0.010522475,2,2
0.01078304,2,2
0.010890628,2,2
0.010830156,2,2
0.010580453,2,2
0.010128767,2,2
0.009484907,2,2
0.008688361,2,2
0.007805901,2,2
0.006921303,2,2
0.00612095,2,2
0.005479055,2,2
0.005045157,2,2
0.004835593,2,2
0.004830362,2,2
0.004976424,2,2
0.005197516,2,2
0.005408832,2,2
0.005533267,2,2
0.005515282,2,2
0.005329261,2,2
0.004981077,2,2
0.004503547,2,2
0.003947745,2,2
0.003372481,2,2
0.002834046,2,2
0.002377862,2,2
0.002033254,2,2
0.001812001,2,2
0.001710504,2,2
0.001714507,2,2
0.00180455,2,2
0.001960259,2,2
0.002162277,2,2
0.0023918,2,2
0.002628842,2,2
0.002850881,2,2
0.003033236,2,2
0.003151581,2,2
0.003185944,2,2
0.003124856,2,2
0.002968422,2,2
0.001802331,3,2
0.001882773,3,2
0.002021156,3,2
0.002220804,3,2
0.002491442,3,2
0.002848457,3,2
0.003309746,3,2
0.003890274,3,2
0.004594984,3,2
0.005411565,3,2
0.006305318,3,2
0.007218723,3,2
0.00807763,3,2
0.008804371,3,2
0.00933573,3,2
0.009641406,3,2
0.009737445,3,2
0.009689766,3,2
0.009605512,3,2
0.009613718,3,2
0.009840164,3,2
0.010382827,3,2
0.011293459,3,2
0.012568019,3,2
0.014145795,3,2
0.015915513,3,2
0.01772726,3,2
0.019410573,3,2
0.020799625,3,2
0.021764553,3,2
0.022243726,3,2
0.022267333,3,2
0.021961215,3,2
0.021523644,3,2
0.021176467,3,2
0.021102676,3,2
0.021390252,3,2
0.022002947,3,2
0.022791027,3,2
0.023541089,3,2
0.024049022,3,2
0.024190268,3,2
0.023961194,3,2
0.0234755,3,2
0.022916502,3,2
0.022463275,3,2
0.022218867,3,2
0.022167905,3,2
0.022179095,3,2
0.022050359,3,2
0.021578138,3,2
0.020624277,3,2
0.019156972,3,2
0.017254297,3,2
0.015074137,3,2
0.012806063,3,2
0.010624396,3,2
0.008657259,3,2
0.006977066,3,2
0.005608874,3,2
0.004547886,3,2
0.003777318,3,2
0.00328115,3,2
0.003050163,3,2
0.003082088,3,2
0.003377129,3,2
0.003929753,3,2
0.004717826,3,2
0.005691714,3,2
0.006767872,3,2
0.00783208,3,2
0.008755223,3,2
0.009419584,3,2
0.009748104,3,2
0.009725951,3,2
0.009405417,3,2
0.008891226,3,2
0.008311255,3,2
0.007783432,3,2
0.007390379,3,2
0.007169028,3,2
0.007115443,3,2
0.007199091,3,2
0.007378688,3,2
0.007613814,3,2
0.007870787,3,2
0.008124882,3,2
0.008361753,3,2
0.008579185,3,2
0.00878799,3,2
0.00901038,3,2
0.009276258,3,2
0.00962079,3,2
0.010087362,3,2
0.010736512,3,2
0.011654708,3,2
0.012951447,3,2
0.014734019,3,2
0.017058824,3,2
0.019872857,3,2
0.022971052,3,2
0.025996284,3,2
0.028495615,3,2
0.030023378,3,2
0.030259616,3,2
0.029102471,3,2
0.026701012,3,2
0.023417245,3,2
0.01973242,3,2
0.016131309,3,2
0.0130018,3,2
0.010576298,3,2
0.008922971,3,2
0.007977509,3,2
0.007596176,3,2
0.007610035,3,2
0.007865916,3,2
0.008247792,3,2
0.008679491,3,2
0.009114375,3,2
0.009519676,3,2
0.009862833,3,2
0.010105094,3,2
0.010204275,3,2
0.01012497,3,2
0.009851826,3,2
0.009400629,3,2
0.008823034,3,2
0.008203072,3,2
0.007645913,3,2
0.007261067,3,2
0.00714311,3,2
0.007353533,3,2
0.007907565,3,2
0.008769444,3,2
0.009858139,3,2
0.011062871,3,2
0.012264809,3,2
0.013359456,3,2
0.014274248,3,2
0.014977787,3,2
0.015479677,3,2
0.015822041,3,2
0.016065066,3,2
0.016269659,3,2
0.016480988,3,2
0.016717044,3,2
0.016965745,3,2
0.017191856,3,2
0.017351579,3,2
0.017409494,3,2
0.017351378,3,2
0.017188068,3,2
0.016949336,3,2
0.016670862,3,2
0.016379788,3,2
0.016084145,3,2
0.015769072,3,2
0.01539982,3,2
0.014929651,3,2
0.014310457,3,2
0.01350464,3,2
0.012497195,3,2
0.011306253,3,2
0.009988943,3,2
0.008638791,3,2
0.007372305,3,2
0.006306086,3,2
0.005530257,3,2
0.005086819,3,2
0.004960774,3,2
0.005087397,3,2
0.005372738,3,2
0.005719341,3,2
0.006047654,3,2
0.006306453,3,2
0.006471153,3,2
0.006534238,3,2
0.0064947,3,2
0.006352239,3,2
0.006108247,3,2
0.005771516,3,2
0.005364329,3,2
0.004924895,3,2
0.004504231,3,2
0.004158093,3,2
0.003936137,3,2
0.003870978,3,2
0.003969549,3,2
0.004209,3,2
0.004539172,3,2
0.004893143,3,2
0.00520564,3,2
0.005436297,3,2
0.00559168,3,2
0.005738201,3,2
0.00599892,3,2
0.006531132,3,2
0.00748761,3,2
0.008970508,3,2
0.010990878,3,2
0.013446956,3,2
0.016130118,3,2
0.018759761,3,2
0.021039354,3,2
0.022718738,3,2
0.023645154,3,2
0.023788803,3,2
0.023237023,3,2
0.022161197,3,2
0.020768484,3,2
0.019253457,3,2
0.01776247,3,2
0.016377602,3,2
0.015120232,3,2
0.013969009,3,2
0.012884174,3,2
0.011830197,3,2
0.010790695,3,2
0.009773056,3,2
0.008803939,3,2
0.007919612,3,2
0.007156137,3,2
0.006543221,3,2
0.006103104,3,2
0.00585318,3,2
0.005809338,3,2
0.00598674,3,2
0.00639571,3,2
0.007032369,3,2
0.007866197,3,2
0.008829233,3,2
0.009813034,3,2
0.010678458,3,2
0.011279347,3,2
0.011495212,3,2
0.011262931,3,2
0.010596087,3,2
0.009584424,3,2
0.008373367,3,2
0.00713108,3,2
0.006014298,3,2
0.005142635,3,2
0.004585671,3,2
0.004361467,3,2
0.004442226,3,2
0.004763623,3,2
0.005236964,3,2
0.005765138,3,2
0.006262288,3,2
0.006673799,3,2
0.006990004,3,2
0.007246715,3,2
0.007509509,3,2
0.007845346,3,2
0.008291331,3,2
0.008832964,3,2
0.009401254,3,2
0.009890721,3,2
0.010191746,3,2
0.010224878,3,2
0.009964198,3,2
0.009441821,3,2
0.008733576,3,2
0.007933252,3,2
0.007126328,3,2
0.006372722,3,2
0.005702999,3,2
0.005126407,3,2
0.004644777,3,2
0.004265265,3,2
0.00400679,3,2
0.003898492,3,2
0.003971734,3,2
0.004249082,3,2
0.004734092,3,2
0.005405026,3,2
0.006214284,3,2
0.007093862,3,2
0.007965555,3,2
0.008753434,3,2
0.0093955,3,2
0.009851819,3,2
0.010107659,3,2
0.010171757,3,2
0.010071191,3,2
0.009844798,3,2
0.009536767,3,2
0.009191167,3,2
0.008847465,3,2
0.008536815,3,2
0.008279204,3,2
0.008082053,3,2
0.007941052,3,2
0.007843574,3,2
0.007774027,3,2
0.007719404,3,2
0.007672903,3,2
0.007634114,3,2
0.007605815,3,2
0.007589102,3,2
0.007579546,3,2
0.007566675,3,2
0.007537593,3,2
0.007483614,3,2
0.007407291,3,2
0.00732684,3,2
0.007275556,3,2
0.007295342,3,2
0.007425285,3,2
0.007688008,3,2
0.00807781,3,2
0.008554791,3,2
0.009047994,3,2
0.009468096,3,2
0.009727005,3,2
0.009759093,3,2
0.009537771,3,2
0.009082246,3,2
0.008452307,3,2
0.007732732,3,2
0.007012096,3,2
0.006362258,3,2
0.005824313,3,2
0.005404495,3,2
0.005080295,3,2
0.004814041,3,2
0.004569117,3,2
0.004323632,3,2
0.004077555,3,2
0.003851754,3,2
0.003680082,3,2
0.003597805,3,2
0.003630593,3,2
0.003787701,3,2
0.00406123,3,2
0.004430981,3,2
0.004872329,3,2
0.005363393,3,2
0.005888236,3,2
0.006434724,3,2
0.006988481,3,2
0.007526803,3,2
0.008017155,3,2
0.008423203,3,2
0.008717591,3,2
0.008896505,3,2
0.008988568,3,2
0.009051567,3,2
0.009155085,3,2
0.009353533,3,2
0.009659566,3,2
0.010029415,3,2
0.0103681,3,2
0.010554967,3,2
0.010481635,3,2
0.01008909,3,2
0.009390699,3,2
0.008473394,3,2
0.007477513,3,2
0.006563082,3,2
0.005873726,3,2
0.005508109,3,2
0.005504376,3,2
0.005838139,3,2
0.006431348,3,2
0.007168475,3,2
0.00791702,3,2
0.008549864,3,2
0.008966773,3,2
0.009111517,3,2
0.008980696,3,2
0.008621483,3,2
0.008118093,3,2
0.007570132,3,2
0.007068648,3,2
0.00667648,3,2
0.006418051,3,2
0.006280547,3,2
0.006224795,3,2
0.006201317,3,2
0.006166146,3,2
0.00609192,3,2
0.00597208,3,2
0.005818475,3,2
0.005654443,3,2
0.005506045,3,2
0.005393856,3,2
0.005327075,3,2
0.005301064,3,2
0.005298807,3,2
0.005295968,3,2
0.005268179,3,2
0.005198265,3,2
0.005080883,3,2
0.004922976,3,2
0.004740144,3,2
0.004550826,3,2
0.004370948,3,2
0.004211094,3,2
0.004076689,3,2
0.003970033,3,2
0.0038924,3,2
0.003845009,3,2
0.003829022,3,2
0.003845877,3,2
0.003899381,3,2
0.003999777,3,2
0.004168118,3,2
0.004437695,3,2
0.004849152,3,2
0.005437901,3,2
0.006216045,3,2
0.007154915,3,2
0.008176298,3,2
0.009159105,3,2
0.009963133,3,2
0.010464666,3,2
0.010592778,3,2
0.010353384,3,2
0.009831501,3,2
0.009169695,3,2
0.008529308,3,2
0.00804717,3,2
0.00780197,3,2
0.00780076,3,2
0.007988916,3,2
0.008278844,3,2
0.008586492,3,2
0.008862418,3,2
0.009106321,3,2
0.009360053,3,2
0.009682074,3,2
0.010113347,3,2
0.010648185,3,2
0.01122194,3,2
0.011721191,3,2
0.012013416,3,2
0.011985568,3,2
0.011577704,3,2
0.010800038,3,2
0.009728638,3,2
0.00848314,3,2
0.007195899,3,2
0.005983536,3,2
0.004928951,3,2
0.004076408,3,2
0.003437246,3,2
0.00300091,3,2
0.002746161,3,2
0.002649335,3,2
0.00268908,3,2
0.002848571,3,2
0.003116523,3,2
0.003487488,3,2
0.003961001,3,2
0.004538772,3,2
0.005219742,3,2
0.005994108,3,2
0.0068385,3,2
0.007714642,3,2
0.008572799,3,2
0.009359513,3,2
0.010027652,3,2
0.01054627,3,2
0.010908249,3,2
0.011134445,3,2
0.011273385,3,2
0.011395358,3,2
0.011579867,3,2
0.011896817,3,2
0.012384733,3,2
0.013032398,3,2
0.013771434,3,2
0.014484935,3,2
0.01503165,3,2
0.015278873,3,2
0.015133487,3,2
0.014561576,3,2
0.013592076,3,2
0.012306343,3,2
0.01081989,3,2
0.009263051,3,2
0.007764717,3,2
0.006439724,3,2
0.005378402,3,2
0.004637067,3,2
0.004230169,3,2
0.004126697,3,2
0.004253946,3,2
0.004510301,3,2
0.004785747,3,2
0.004985663,3,2
0.00505137,3,2
0.004971097,3,2
0.004777826,3,2
0.004535025,3,2
0.004315723,3,2
0.004182584,3,2
0.004175435,3,2
0.00430869,3,2
0.004576562,3,2
0.004961259,3,2
0.005439834,3,2
0.005988006,3,2
0.006582019,3,2
0.007200362,3,2
0.007825906,3,2
0.008447138,3,2
0.009056696,3,2
0.009647019,3,2
0.010205461,3,2
0.010712539,3,2
0.011145681,3,2
0.011487558,3,2
0.011734807,3,2
0.01190199,3,2
0.012017618,3,2
0.012112908,3,2
0.012207538,3,2
0.012298252,3,2
0.012355254,3,2
0.012328506,3,2
0.012162405,3,2
0.011814154,3,2
0.011269343,3,2
0.010548784,3,2
0.009703613,3,2
0.00880029,3,2
0.007901431,3,2
0.007050314,3,2
0.006265127,3,2
0.005544371,3,2
0.004879783,3,2
0.00427013,3,2
0.003729825,3,2
0.003289553,3,2
0.002990033,3,2
0.002872482,3,2
0.002969585,3,2
0.003299251,3,2
0.003861657,3,2
0.004638792,3,2
0.00559547,3,2
0.006680978,3,2
0.007831082,3,2
0.008970536,3,2
0.010016778,3,2
0.010885726,3,2
0.011500382,3,2
0.011801933,3,2
0.011761593,3,2
0.011390213,3,2
0.010742479,3,2
0.009913652,3,2
0.009028634,3,2
0.008224872,3,2
0.007631461,3,2
0.00734709,3,2
0.007419759,3,2
0.00783209,3,2
0.008496971,3,2
0.009267913,3,2
0.009965506,3,2
0.010416091,3,2
0.010493047,3,2
0.010148174,3,2
0.009422665,3,2
0.008433789,3,2
0.007342064,3,2
0.006310202,3,2
0.005466916,3,2
0.004885331,3,2
0.004579424,3,2
0.00451571,3,2
0.004633507,3,2
0.00486627,3,2
0.005157934,3,2
0.005470961,3,2
0.005785783,3,2
0.006094123,3,2
0.006390548,3,2
0.006666971,3,2
0.006913151,3,2
0.00712295,3,2
0.007302501,3,2
0.007474577,3,2
0.00767453,3,2
0.007937205,3,2
0.008279271,3,2
0.008684736,3,2
0.009101101,3,2
0.009449519,3,2
0.009646319,3,2
0.009628347,3,2
0.009372908,3,2
0.008905369,3,2
0.00829245,3,2
0.0076245,3,2
0.006993668,3,2
0.006475453,3,2
0.006118949,3,2
0.00594717,3,2
0.005964719,3,2
0.006167464,3,2
0.006548558,3,2
0.007097516,3,2
0.007792977,3,2
0.008593587,3,2
0.009433134,3,2
0.010224579,3,2
0.010873493,3,2
0.011296657,3,2
0.011438897,3,2
0.011282076,3,2
0.010844305,3,2
0.010172145,3,2
0.009331191,3,2
0.00839931,3,2
0.007462944,3,2
0.006613126,3,2
0.005936991,3,2
0.005503385,3,2
0.005346019,3,2
0.005451177,3,2
0.005756828,3,2
0.006165732,3,2
0.006569158,3,2
0.00687328,3,2
0.007019606,3,2
0.006994022,3,2
0.00682418,3,2
0.006569267,3,2
0.006307572,3,2
0.006125489,3,2
0.006108209,3,2
0.006329687,3,2
0.006839367,3,2
0.007646038,3,2
0.008703414,3,2
0.009905108,3,2
0.011096008,3,2
0.012101917,3,2
0.012771436,3,2
0.01301706,3,2
0.01284031,3,2
0.012330397,3,2
0.01163605,3,2
0.010921238,3,2
0.010322238,3,2
0.009922207,3,2
0.009750611,3,2
0.009802792,3,2
0.01006573,3,2
0.01053431,3,2
0.011208792,3,2
0.012075325,3,2
0.01308127,3,2
0.014120821,3,2
0.015042059,3,2
0.015676553,3,2
0.015881848,3,2
0.015580956,3,2
0.014784015,3,2
0.013584773,3,2
0.012134719,3,2
0.010605732,3,2
0.009154665,3,2
0.007900019,3,2
0.006914078,3,2
0.006227393,3,2
0.005839176,3,2
0.00572772,3,2
0.005857998,3,2
0.006186568,3,2
0.006665196,3,2
0.007243916,3,2
0.00787299,3,2
0.008502807,3,2
0.009081902,3,2
0.009555121,3,2
0.009865074,3,2
0.009959111,3,2
0.009801276,3,2
0.009385319,3,2
0.008743006,3,2
0.007942744,3,2
0.007077086,3,2
0.006242253,3,2
0.005516392,3,2
0.004944117,3,2
0.004532625,3,2
0.004260189,3,2
0.004093098,3,2
0.004003917,3,2
0.003983597,3,2
0.004042582,3,2
0.004200628,3,2
0.004469887,3,2
0.004838806,3,2
0.005264389,3,2
0.005677021,3,2
0.005996872,3,2
0.006155998,3,2
0.006117907,3,2
0.005887573,3,2
0.005509074,3,2
0.005053025,3,2
0.004599467,3,2
0.004222338,3,2
0.003979341,3,2
0.003907496,3,2
0.004022132,3,2
0.004316678,3,2
0.004762289,3,2
0.00530851,3,2
0.005887341,3,2
0.006422212,3,2
0.00684116,3,2
0.00709122,3,2
0.007150117,3,2
0.007032204,3,2
0.006787546,3,2
0.006494959,3,2
0.006250698,3,2
0.00615444,3,2
0.006293754,3,2
0.006728344,3,2
0.007476138,3,2
0.008504304,3,2
0.009728572,3,2
0.011023124,3,2
0.012240679,3,2
0.013239185,3,2
0.013908821,3,2
0.01419208,3,2
0.014091135,3,2
0.013660222,3,2
0.012985451,3,2
0.012158698,3,2
0.011254283,3,2
0.010316143,3,2
0.009359103,3,2
0.008382261,3,2
0.007387673,3,2
0.006395657,3,2
0.005449959,3,2
0.004610868,3,2
0.003939666,3,2
0.003481263,3,2
0.003251892,3,2
0.003235932,3,2
0.003391778,3,2
0.003663437,3,2
0.003993244,3,2
0.004331915,3,2
0.004644042,3,2
0.004908991,3,2
0.005118395,3,2
0.005271901,3,2
0.005372883,3,2
0.005425554,3,2
0.005434349,3,2
0.005405455,3,2
0.005349279,3,2
0.005281974,3,2
0.005224412,3,2
0.005198293,3,2
0.00522074,3,2
0.005299825,3,2
0.005433349,3,2
0.005611729,3,2
0.00582399,3,2
0.006064365,3,2
0.006336703,3,2
0.006654764,3,2
0.007037978,3,2
0.007503826,3,2
0.008058972,3,2
0.008691583,3,2
0.009366937,3,2
0.010027721,3,2
0.010599575,3,2
0.011001572,3,2
0.011160381,3,2
0.011025737,3,2
0.010583831,3,2
0.00986469,3,2
0.008940264,3,2
0.007912104,3,2
0.006890778,3,2
0.00597242,3,2
0.005219532,3,2
0.004652269,3,2
0.004253017,3,2
0.003982262,3,2
0.00379955,3,2
0.003681441,3,2
0.003629718,3,2
0.003667153,3,2
0.003823281,3,2
0.004116799,3,2
0.004542557,3,2
0.005069146,3,2
0.005648402,3,2
0.00623284,3,2
0.006793243,3,2
0.007328119,3,2
0.0078599,3,2
0.008418408,3,2
0.009017988,3,2
0.009638229,3,2
0.01021763,3,2
0.010664816,3,2
0.010884666,3,2
0.010810084,3,2
0.010427073,3,2
0.009782922,3,2
0.008973942,3,2
0.008117457,3,2
0.007318877,3,2
0.006646029,3,2
0.00611908,3,2
0.005717505,3,2
0.005399005,3,2
0.005121904,3,2
0.00486318,3,2
0.004627743,3,2
0.004448414,3,2
0.004378528,3,2
0.004479554,3,2
0.004805646,3,2
0.005386984,3,2
0.006214696,3,2
0.007231662,3,2
0.008333885,3,2
0.009385196,3,2
0.010243797,3,2
0.010794209,3,2
0.010975033,3,2
0.010793613,3,2
0.010323159,3,2
0.009684347,3,2
0.009018525,3,2
0.008461223,3,2
0.008122125,3,2
0.008073103,3,2
0.008342146,3,2
0.008910235,3,2
0.009710298,3,2
0.010630424,3,2
0.011524856,3,2
0.012234549,3,2
0.012614952,3,2
0.012564478,3,2
0.01204539,3,2
0.011090636,3,2
0.009794839,3,2
0.008292825,3,2
0.006732588,3,2
